
DROP TABLE IF EXISTS `playercreateinfo`;

CREATE TABLE `playercreateinfo` (
  `race` tinyint(3) unsigned NOT NULL DEFAULT '0',
  `class` tinyint(3) unsigned NOT NULL DEFAULT '0',
  `map` smallint(5) unsigned NOT NULL DEFAULT '0',
  `zone` mediumint(8) unsigned NOT NULL DEFAULT '0',
  `position_x` float NOT NULL DEFAULT '0',
  `position_y` float NOT NULL DEFAULT '0',
  `position_z` float NOT NULL DEFAULT '0',
  `orientation` float NOT NULL DEFAULT '0',
  PRIMARY KEY (`race`,`class`)
) ENGINE=MyISAM DEFAULT CHARSET=utf8;

/*Data for the table `playercreateinfo` */

insert  into `playercreateinfo`(`race`,`class`,`map`,`zone`,`position_x`,`position_y`,`position_z`,`orientation`) values (1,9,0,9,-8914.57,-133.909,80.5378,5.13806),(1,8,0,9,-8914.57,-133.909,80.5378,5.13806),(1,5,0,9,-8914.57,-133.909,80.5378,5.13806),(1,4,0,9,-8914.57,-133.909,80.5378,5.13806),(1,2,0,9,-8914.57,-133.909,80.5378,5.13806),(1,1,0,9,-8914.57,-133.909,80.5378,5.13806),(2,1,1,14,-618.518,-4251.67,38.718,4.72222),(2,3,1,14,-618.518,-4251.67,38.718,4.72222),(2,4,1,14,-618.518,-4251.67,38.718,4.72222),(2,7,1,14,-618.518,-4251.67,38.718,4.72222),(2,9,1,14,-618.518,-4251.67,38.718,4.72222),(3,1,0,1,-6240.32,331.033,382.758,6.17716),(3,2,0,1,-6240.32,331.033,382.758,6.17716),(3,3,0,1,-6240.32,331.033,382.758,6.17716),(3,4,0,1,-6240.32,331.033,382.758,6.17716),(3,5,0,1,-6240.32,331.033,382.758,6.17716),(4,1,1,141,10311.3,832.463,1326.41,5.69632),(4,3,1,141,10311.3,832.463,1326.41,5.69632),(4,4,1,141,10311.3,832.463,1326.41,5.69632),(4,5,1,141,10311.3,832.463,1326.41,5.69632),(4,11,1,141,10311.3,832.463,1326.41,5.69632),(5,9,0,5692,1699.85,1706.56,135.928,4.88839),(5,8,0,5692,1699.85,1706.56,135.928,4.88839),(5,5,0,5692,1699.85,1706.56,135.928,4.88839),(5,3,0,5692,1699.85,1706.56,135.928,4.88839),(5,1,0,5692,1699.85,1706.56,135.928,4.88839),(6,7,1,221,-2915.55,-257.347,59.2693,0.302378),(6,5,1,221,-2915.55,-257.347,59.2693,0.302378),(6,2,1,221,-2915.55,-257.347,59.2693,0.302378),(6,1,1,221,-2915.55,-257.347,59.2693,0.302378),(7,9,0,5495,-4983.42,877.7,274.31,3.06393),(7,1,0,5495,-4983.42,877.7,274.31,3.06393),(7,4,0,5495,-4983.42,877.7,274.31,3.06393),(7,8,0,5495,-4983.42,877.7,274.31,3.06393),(8,9,1,5691,-1171.45,-5263.65,0.847728,5.78945),(8,8,1,5691,-1171.45,-5263.65,0.847728,5.78945),(8,7,1,5691,-1171.45,-5263.65,0.847728,5.78945),(8,5,1,5691,-1171.45,-5263.65,0.847728,5.78945),(8,3,1,5691,-1171.45,-5263.65,0.847728,5.78945),(8,1,1,5691,-1171.45,-5263.65,0.847728,5.78945),(10,2,530,3431,10349.6,-6357.29,33.4026,5.31605),(10,3,530,3431,10349.6,-6357.29,33.4026,5.31605),(10,4,530,3431,10349.6,-6357.29,33.4026,5.31605),(10,5,530,3431,10349.6,-6357.29,33.4026,5.31605),(10,8,530,3431,10349.6,-6357.29,33.4026,5.31605),(10,9,530,3431,10349.6,-6357.29,33.4026,5.31605),(11,1,530,3526,-3961.64,-13931.2,100.615,2.08364),(11,2,530,3526,-3961.64,-13931.2,100.615,2.08364),(11,3,530,3526,-3961.64,-13931.2,100.615,2.08364),(11,5,530,3526,-3961.64,-13931.2,100.615,2.08364),(11,7,530,3526,-3961.64,-13931.2,100.615,2.08364),(11,8,530,3526,-3961.64,-13931.2,100.615,2.08364),(1,3,0,9,-8914.57,-133.909,80.5378,5.13806),(11,6,609,4298,2358.17,-5663.21,426.027,3.93485),(10,6,609,4298,2355.84,-5664.77,426.028,3.93485),(9,6,609,4298,2355.05,-5661.7,426.026,3.93485),(5,4,0,5692,1699.85,1706.56,135.928,4.88839),(6,3,1,221,-2915.55,-257.347,59.2693,0.302378),(7,5,0,5495,-4983.42,877.7,274.31,3.06393),(8,4,1,5691,-1171.45,-5263.65,0.847728,5.78945),(2,6,609,4298,2358.44,-5666.9,426.023,3.93485),(3,6,609,4298,2358.44,-5666.9,426.023,3.93485),(22,1,654,4756,-1451.53,1403.35,35.5561,0.333847),(22,3,654,4756,-1451.53,1403.35,35.5561,0.333847),(22,4,654,4756,-1451.53,1403.35,35.5561,0.333847),(22,5,654,4756,-1451.53,1403.35,35.5561,0.333847),(22,8,654,4756,-1451.53,1403.35,35.5561,0.333847),(22,9,654,4756,-1451.53,1403.35,35.5561,0.333847),(22,11,654,4756,-1451.53,1403.35,35.5561,0.333847),(9,1,648,4765,-8423.81,1361.3,104.671,1.55428),(9,3,648,4765,-8423.81,1361.3,104.671,1.55428),(9,4,648,4765,-8423.81,1361.3,104.671,1.55428),(9,5,648,4765,-8423.81,1361.3,104.671,1.55428),(9,7,648,4765,-8423.81,1361.3,104.671,1.55428),(9,8,648,4765,-8423.81,1361.3,104.671,1.55428),(9,9,648,4765,-8423.81,1361.3,104.671,1.55428),(8,11,1,5691,-1171.45,-5263.65,0.847728,5.78945),(6,11,1,221,-2915.55,-257.347,59.2693,0.302378),(22,6,609,4298,2356.21,-5662.21,426.026,3.93485),(2,8,1,14,-618.518,-4251.67,38.718,4.72222),(3,7,0,1,-6240.32,331.033,382.758,6.17716),(3,8,0,1,-6240.32,331.033,382.758,6.17716),(3,9,0,1,-6240.32,331.033,382.758,6.17716),(4,8,1,141,10311.3,832.463,1326.41,5.69632),(8,6,609,4298,2355.05,-5661.7,426.026,3.93485),(7,6,609,4298,2355.05,-5661.7,426.026,3.93485),(6,6,609,4298,2358.17,-5663.21,426.027,3.93485),(5,6,609,4298,2356.21,-5662.21,426.026,3.93485),(4,6,609,4298,2356.21,-5662.21,426.026,3.93485),(10,1,530,3431,10349.6,-6357.29,33.4026,5.31605),(1,6,609,4298,2355.84,-5664.77,426.028,3.93485);

/*Table structure for table `playercreateinfo_action` */

DROP TABLE IF EXISTS `playercreateinfo_action`;

CREATE TABLE `playercreateinfo_action` (
  `race` tinyint(3) unsigned NOT NULL DEFAULT '0',
  `class` tinyint(3) unsigned NOT NULL DEFAULT '0',
  `button` smallint(5) unsigned NOT NULL DEFAULT '0',
  `action` int(10) unsigned NOT NULL DEFAULT '0',
  `type` smallint(5) unsigned NOT NULL DEFAULT '0',
  PRIMARY KEY (`race`,`class`,`button`),
  KEY `playercreateinfo_race_class_index` (`race`,`class`)
) ENGINE=MyISAM DEFAULT CHARSET=utf8;

/*Data for the table `playercreateinfo_action` */

insert  into `playercreateinfo_action`(`race`,`class`,`button`,`action`,`type`) values (1,1,72,88163,0),(1,1,73,88161,0),(1,1,81,59752,0),(1,1,84,6603,0),(1,1,96,6603,0),(1,1,108,6603,0),(1,2,0,35395,0),(1,2,9,59752,0),(1,3,0,3044,0),(1,3,9,59752,0),(1,3,10,9,48),(1,3,11,982,0),(1,4,0,1752,0),(1,4,9,59752,0),(1,5,0,585,0),(1,5,9,59752,0),(1,8,0,133,0),(1,8,9,59752,0),(1,9,0,686,0),(1,9,9,59752,0),(1,9,10,10,48),(2,1,72,88163,0),(2,1,73,88161,0),(2,1,81,20572,0),(2,1,84,6603,0),(2,1,96,6603,0),(2,1,108,6603,0),(2,3,0,3044,0),(2,3,9,20572,0),(2,3,10,9,48),(2,3,11,982,0),(2,4,0,1752,0),(2,4,9,20572,0),(2,7,0,403,0),(2,7,9,20572,0),(2,7,72,403,0),(2,8,0,133,0),(2,8,9,33702,0),(2,9,0,686,0),(2,9,9,33702,0),(2,9,10,10,48),(3,1,72,88163,0),(3,1,73,88161,0),(3,1,81,20594,0),(3,1,84,6603,0),(3,1,96,6603,0),(3,1,108,6603,0),(3,2,0,35395,0),(3,2,9,20594,0),(3,3,0,3044,0),(3,3,9,20594,0),(3,3,10,9,48),(3,3,11,982,0),(3,3,75,20594,0),(3,4,0,1752,0),(3,4,9,20594,0),(3,5,0,585,0),(3,5,9,20594,0),(3,7,0,6603,0),(3,7,1,403,0),(3,7,9,20594,0),(3,7,72,403,0),(3,8,0,133,0),(3,8,9,20594,0),(3,9,0,686,0),(3,9,9,20594,0),(3,9,10,10,48),(4,1,72,88163,0),(4,1,73,88161,0),(4,1,81,58984,0),(4,1,84,6603,0),(4,1,96,6603,0),(4,1,108,6603,0),(4,3,0,3044,0),(4,3,9,58984,0),(4,3,10,9,48),(4,3,11,982,0),(4,3,81,58984,0),(4,4,0,1752,0),(4,4,9,58984,0),(4,4,81,58984,0),(4,5,0,585,0),(4,5,9,58984,0),(4,5,81,58984,0),(4,8,0,133,0),(4,8,9,58984,0),(4,11,0,5176,0),(4,11,9,58984,0),(4,11,72,6603,0),(4,11,74,58984,0),(4,11,84,6603,0),(4,11,96,6603,0),(4,11,108,6603,0),(5,1,72,88163,0),(5,1,73,88161,0),(5,1,81,20577,0),(5,1,84,6603,0),(5,1,96,6603,0),(5,1,108,6603,0),(5,3,0,3044,0),(5,3,9,20577,0),(5,3,10,9,48),(5,3,11,982,0),(5,4,0,1752,0),(5,4,9,20577,0),(5,5,0,585,0),(5,5,9,20577,0),(5,8,0,133,0),(5,8,9,20577,0),(5,9,0,686,0),(5,9,9,20577,0),(5,9,10,10,48),(6,1,72,88163,0),(6,1,73,88161,0),(6,1,81,20549,0),(6,1,84,6603,0),(6,1,96,6603,0),(6,1,108,6603,0),(6,2,0,35395,0),(6,2,9,20549,0),(6,3,0,3044,0),(6,3,9,20549,0),(6,3,10,9,48),(6,3,11,982,0),(6,3,75,20549,0),(6,5,0,585,0),(6,5,9,20549,0),(6,7,0,403,0),(6,7,9,20549,0),(6,7,75,20549,0),(6,11,0,403,0),(6,11,9,20549,0),(6,11,72,6603,0),(6,11,75,20549,0),(6,11,84,6603,0),(6,11,96,6603,0),(6,11,108,6603,0),(7,1,72,88163,0),(7,1,73,88161,0),(7,1,84,6603,0),(7,1,96,6603,0),(7,1,108,6603,0),(7,4,0,1752,0),(7,5,0,585,0),(7,8,0,133,0),(7,9,0,686,0),(7,9,10,10,48),(8,1,72,88163,0),(8,1,73,88161,0),(8,1,81,26297,0),(8,1,84,6603,0),(8,1,96,6603,0),(8,1,108,6603,0),(8,3,0,3044,0),(8,3,9,26297,0),(8,3,10,9,48),(8,3,11,982,0),(8,4,0,1752,0),(8,4,9,26297,0),(8,4,76,26297,0),(8,5,0,585,0),(8,5,9,26297,0),(8,7,0,403,0),(8,7,9,26297,0),(8,7,72,403,0),(8,8,0,133,0),(8,8,9,26297,0),(8,9,0,686,0),(8,9,9,26297,0),(8,9,10,10,48),(8,11,0,5176,0),(8,11,9,26297,0),(8,11,72,6603,0),(8,11,84,6603,0),(8,11,96,6603,0),(9,1,72,88163,0),(9,1,73,88161,0),(9,1,81,69070,0),(9,1,82,69041,0),(9,3,0,3044,0),(9,3,8,982,0),(9,3,9,69070,0),(9,3,10,69041,0),(9,3,11,9,48),(9,4,0,1752,0),(9,4,9,69070,0),(9,4,10,69041,0),(9,5,0,585,0),(9,5,9,69070,0),(9,5,10,69041,0),(9,7,0,403,0),(9,7,9,69070,0),(9,7,10,69041,0),(9,7,72,403,0),(9,8,0,133,0),(9,8,9,69070,0),(9,8,10,69041,0),(9,9,0,686,0),(9,9,9,69070,0),(9,9,10,69041,0),(9,9,11,10,48),(10,1,72,88163,0),(10,1,73,88161,0),(10,1,81,69179,0),(10,2,0,35395,0),(10,2,9,28730,0),(10,3,0,3044,0),(10,3,9,80483,0),(10,3,10,9,48),(10,3,11,982,0),(10,4,0,1752,0),(10,4,9,25046,0),(10,5,0,585,0),(10,5,9,28730,0),(10,8,0,133,0),(10,8,9,28730,0),(10,9,0,686,0),(10,9,9,28730,0),(10,9,10,10,48),(11,1,72,88163,0),(11,1,73,88161,0),(11,1,81,28880,0),(11,1,84,6603,0),(11,1,96,6603,0),(11,1,108,6603,0),(11,2,0,35395,0),(11,2,9,59542,0),(11,2,83,4540,128),(11,3,0,3044,0),(11,3,9,59543,0),(11,3,10,9,48),(11,3,11,982,0),(11,3,72,6603,0),(11,3,74,75,0),(11,3,82,159,128),(11,3,83,4540,128),(11,5,0,585,0),(11,5,9,59544,0),(11,5,83,4540,128),(11,7,0,403,0),(11,7,9,59547,0),(11,8,0,133,0),(11,8,9,59548,0),(11,8,83,4540,128),(22,1,72,88163,0),(22,1,73,88161,0),(22,3,0,3044,0),(22,3,10,9,48),(22,3,11,982,0),(22,4,0,1752,0),(22,5,0,585,0),(22,8,0,133,0),(22,9,0,686,0),(22,9,10,10,48),(22,11,0,5176,0),(22,11,72,6603,0),(22,11,84,6603,0),(22,11,96,6603,0),(1,6,0,6603,0),(1,6,1,49576,0),(1,6,2,45477,0),(1,6,3,45462,0),(1,6,4,45902,0),(1,6,5,47541,0),(1,6,11,59752,0),(2,6,0,6603,0),(2,6,1,49576,0),(2,6,2,45477,0),(2,6,3,45462,0),(2,6,4,45902,0),(2,6,5,47541,0),(2,6,10,20572,0),(3,6,0,6603,0),(3,6,1,49576,0),(3,6,2,45477,0),(3,6,3,45462,0),(3,6,4,45902,0),(3,6,5,47541,0),(4,6,0,6603,0),(4,6,1,49576,0),(4,6,2,45477,0),(4,6,3,45462,0),(4,6,4,45902,0),(4,6,5,47541,0),(4,6,10,58984,0),(4,6,83,58984,0),(5,6,0,6603,0),(5,6,1,49576,0),(5,6,2,45477,0),(5,6,3,45462,0),(5,6,4,45902,0),(5,6,5,47541,0),(5,6,10,20577,0),(6,6,0,6603,0),(6,6,1,49576,0),(6,6,2,45477,0),(6,6,3,45462,0),(6,6,4,45902,0),(6,6,5,47541,0),(6,6,10,20549,0),(6,6,75,20549,0),(7,6,0,6603,0),(7,6,1,49576,0),(7,6,2,45477,0),(7,6,3,45462,0),(7,6,4,45902,0),(7,6,5,47541,0),(7,6,10,20589,0),(7,6,72,6603,0),(7,6,83,117,128),(7,6,84,6603,0),(7,6,96,6603,0),(7,6,108,6603,0),(8,6,0,6603,0),(8,6,1,49576,0),(8,6,2,45477,0),(8,6,3,45462,0),(8,6,4,45902,0),(8,6,5,47541,0),(8,6,10,26297,0),(9,6,0,6603,0),(9,6,1,49576,0),(9,6,2,45477,0),(9,6,3,45462,0),(9,6,4,45902,0),(9,6,5,47541,0),(9,6,9,69070,0),(9,6,10,69041,0),(9,6,11,69046,0),(10,6,0,6603,0),(10,6,1,49576,0),(10,6,2,45477,0),(10,6,3,45462,0),(10,6,4,45902,0),(10,6,5,47541,0),(10,6,6,50613,0),(11,6,0,6603,0),(11,6,1,49576,0),(11,6,2,45477,0),(11,6,3,45462,0),(11,6,4,45902,0),(11,6,5,47541,0),(11,6,10,59545,0),(22,6,0,6603,0),(22,6,1,49576,0),(22,6,2,45477,0),(22,6,3,45462,0),(22,6,4,45902,0),(22,6,5,47541,0),(22,6,9,68992,0),(22,6,10,68996,0),(22,6,11,87840,0);

/*Table structure for table `playercreateinfo_item` */

DROP TABLE IF EXISTS `playercreateinfo_item`;

CREATE TABLE `playercreateinfo_item` (
  `race` tinyint(3) unsigned NOT NULL DEFAULT '0',
  `class` tinyint(3) unsigned NOT NULL DEFAULT '0',
  `itemid` mediumint(8) unsigned NOT NULL DEFAULT '0',
  `amount` tinyint(4) NOT NULL DEFAULT '1',
  PRIMARY KEY (`race`,`class`,`itemid`),
  KEY `playercreateinfo_race_class_index` (`race`,`class`)
) ENGINE=MyISAM DEFAULT CHARSET=utf8;

/*Data for the table `playercreateinfo_item` */

insert  into `playercreateinfo_item`(`race`,`class`,`itemid`,`amount`) values (1,6,40582,-1),(2,6,40582,-1),(3,6,40582,-1),(4,6,40582,-1),(5,6,40582,-1),(6,6,40582,-1),(7,6,40582,-1),(8,6,40582,-1),(9,6,40582,-1),(10,6,40582,-1),(11,6,40582,-1);

/*Table structure for table `playercreateinfo_spell` */

DROP TABLE IF EXISTS `playercreateinfo_spell`;

CREATE TABLE `playercreateinfo_spell` (
  `racemask` int(10) unsigned NOT NULL DEFAULT '0',
  `classmask` int(10) unsigned NOT NULL DEFAULT '0',
  `Spell` mediumint(8) unsigned NOT NULL DEFAULT '0',
  `Note` varchar(255) DEFAULT NULL,
  PRIMARY KEY (`racemask`,`classmask`,`Spell`)
) ENGINE=MyISAM DEFAULT CHARSET=utf8;

/*Data for the table `playercreateinfo_spell` */

insert  into `playercreateinfo_spell`(`racemask`,`classmask`,`Spell`,`Note`) values (0,39,202,'Two-Handed Swords'),(0,111,196,'One-Handed Axes'),(0,1,2457,'Battle Stance'),(0,1,88161,'Strike'),(0,13,5011,'Crossbows'),(0,9,3018,'Shoot'),(0,103,197,'Two-Handed Axes'),(0,1501,1180,'Daggers'),(0,0,45927,'Summon Friend'),(0,0,6478,'Opening'),(0,0,6603,'Auto Attack'),(0,0,22027,'Remove Insignia'),(0,0,22810,'Opening - No Text'),(0,0,21651,'Opening'),(0,0,21652,'Closing'),(0,0,2382,'Generic'),(0,0,3365,'Opening'),(0,0,3050,'Detect'),(0,0,9125,'Generic'),(0,0,8386,'Attacking'),(0,0,7266,'Duel'),(0,0,7267,'Grovel'),(0,0,7355,'Stuck'),(0,0,6233,'Closing'),(0,0,6246,'Closing'),(0,0,6247,'Opening'),(0,0,6477,'Opening'),(0,0,61437,'Opening'),(0,0,68398,'Opening'),(0,0,96220,'Opening'),(0,0,203,'Unarmed'),(1,447,20864,'Mace Specialization'),(1,447,20599,'Diplomacy'),(1,447,20597,'Sword Specialization'),(1,447,20598,'The Human Spirit'),(1,447,59752,'Every Man for Himself'),(1,447,79738,'Languages'),(0,35,49410,'Forceful Deflection'),(0,1123,199,'Two-Handed Maces'),(0,1101,15590,'Fist Weapons'),(0,1,76268,'Armor Skills'),(0,1,76290,'Weapon Skills'),(0,1,88163,'Attack'),(0,1063,200,'Polearms'),(2098253,0,668,'Language Common'),(0,1493,227,'Staves'),(0,67,9116,'Shield'),(0,35,8737,'Mail'),(0,1135,9077,'Leather'),(0,13,264,'Bows'),(0,13,266,'Guns'),(0,67,107,'Block'),(0,0,81,'Dodge'),(0,1,32215,'Victorious State'),(0,1,5301,'Defensive State (DND)'),(0,0,204,'Defense'),(0,0,522,'SPELLDEFENSE (DND)'),(0,9,2764,'Throw'),(0,9,2567,'Thrown'),(0,0,9078,'Cloth'),(0,1147,198,'One-Handed Maces'),(0,431,201,'One-Handed Swords'),(1573,2,27762,'Relic'),(1573,2,76271,'Armor Skills'),(1573,2,76294,'Weapon Skills'),(1573,2,35395,'Crusader Strike'),(1573,2,60091,'Judgement Anti-Parry/Dodge Passive'),(1573,2,20208,'Paladin pushback resistance'),(2099135,4,3044,'Arcane Shot'),(2099135,4,75,'Auto Shot'),(2099135,4,82928,'Aimed Shot!'),(2099135,4,34082,'Hunter Passive Auras (DND)'),(2099135,4,883,'Call Pet 1'),(2099135,4,982,'Revive Pet'),(2099135,4,13358,'Defensive State (DND)'),(2099135,4,24949,'Defensive State 2 (DND)'),(2099135,4,77442,'Focus'),(2099135,4,76249,'Weapon Skills'),(2099135,4,76250,'Armor Skills'),(2099135,4,87324,'Focused Aim'),(2099135,4,87816,'General Hunter Passives'),(2098143,8,1752,'Sinister Strike'),(0,40,674,'Dual Wield'),(2098143,8,76273,'Armor Skills'),(2098143,8,76297,'Weapon Skills'),(2098143,8,16092,'Defensive State (DND)'),(0,400,5009,'Wands'),(0,400,5019,'Shoot'),(2099197,16,585,'Smite'),(2099197,16,84733,'Holy Focus'),(2099197,16,88685,'Holy Word: Sanctuary'),(2099197,16,88684,'Holy Word: Serenity'),(2099197,16,101062,'Flash Heal'),(2099197,16,76301,'Weapon Skills'),(2099197,16,76279,'Armor Skills'),(2099197,16,84734,'Dark Thoughts'),(2099197,16,77486,'Shadow Orb Power'),(2099167,128,71761,'Deep Freeze Immunity State'),(2099167,128,79684,'Offensive State (DND)'),(2099167,128,133,'Fireball'),(2099167,128,92315,'Pyroblast!'),(2099167,384,85801,'DPS Caster Crit Damage Bonus'),(2099167,128,76298,'Weapon Skills'),(2099167,128,76276,'Armor Skills'),(2098135,256,688,'Summon Imp'),(2098135,256,86213,'Soul Swap Exhale'),(2098135,256,89420,'Drain Life'),(2098135,256,76299,'Weapon Skills'),(2098135,256,76277,'Armor Skills'),(2098135,256,87330,'Suppression'),(2098135,256,75445,'Demonic Immolate'),(2098135,256,686,'Shadow Bolt'),(2098135,256,58284,'Chaos Bolt Passive'),(946,0,669,'Language Orcish'),(2,137,21563,'Command'),(2,45,20572,'Blood Fury'),(2,493,20573,'Hardiness'),(2,493,20574,'Axe Specialization'),(2,493,79743,'Languages'),(2,4,20576,'Command'),(1414,64,27763,'Relic'),(2,64,65222,'Command'),(2,64,33697,'Blood Fury'),(1414,64,76272,'Armor Skills'),(1414,64,76296,'Weapon Skills'),(1414,64,89920,'Ancestral Focus'),(1446,64,403,'Lightning Bolt'),(2,384,33702,'Blood Fury'),(4,511,20596,'Frost Resistance'),(4,511,20595,'Gun Specialization'),(4,511,20594,'Stoneform'),(4,511,59224,'Mace Specialization'),(4,511,92682,'Explorer'),(4,511,79739,'Languages'),(4,511,672,'Language Dwarven'),(8,1213,76252,'Languages'),(8,1213,20583,'Nature Resistance'),(8,1213,20582,'Quickness'),(8,1213,20585,'Wisp Spirit'),(8,1213,21009,'Elusiveness'),(8,1213,58984,'Shadowmeld'),(8,1213,671,'Language Darnassian'),(2097320,1024,84736,'Nature\'s Focus'),(2097320,1024,81170,'Ravage!'),(2097320,1024,79577,'Eclipse Mastery Driver Passive'),(2097320,1024,76300,'Weapon Skills'),(2097320,1024,76275,'Armor Skills'),(2097320,1024,5176,'Wrath'),(2097320,1024,84738,'Celestial Focus'),(16,189,17737,'Language Gutterspeak'),(16,445,5227,'Underwater Breathing'),(16,445,7744,'Will of the Forsaken'),(16,445,20577,'Cannibalize'),(16,445,20579,'Shadow Resistance'),(16,445,79747,'Languages'),(16,256,17747,'Language Gutterspeak'),(32,1079,670,'Language Taurahe'),(32,1079,20549,'War Stomp'),(32,1079,20550,'Endurance'),(32,1079,20551,'Nature Resistance'),(32,1079,20552,'Cultivation'),(32,1079,79746,'Languages'),(64,441,20591,'Expansive Mind'),(64,441,20593,'Engineering Specialization'),(64,441,20592,'Arcane Resistance'),(64,441,92680,'Shortblade Specialization'),(64,441,79740,'Languages'),(64,441,7340,'Language Gnomish'),(128,1533,7341,'Language Troll'),(128,1533,26290,'Bow Specialization'),(128,1533,26297,'Berserking'),(128,1533,58943,'Da Voodoo Shuffle'),(128,1533,20555,'Regeneration'),(128,1533,20557,'Beast Slaying'),(128,1533,20558,'Throwing Specialization'),(128,1533,79744,'Languages'),(256,509,69269,'Language Goblin'),(256,509,69070,'Rocket Jump'),(256,509,69041,'Rocket Barrage'),(256,509,69044,'Best Deals Anywhere'),(256,509,69045,'Better Living Through Chemistry'),(256,509,69042,'Time is Money'),(256,509,79749,'Languages'),(512,447,813,'Language Thalassian'),(512,447,822,'Arcane Resistance'),(512,447,28877,'Arcane Affinity'),(512,1,69179,'Arcane Torrent'),(512,447,79748,'Languages'),(512,402,28730,'Arcane Torrent'),(512,4,80483,'Arcane Torrent'),(512,8,25046,'Arcane Torrent'),(1024,247,29932,'Language Draenei'),(1024,247,79741,'Languages'),(1024,39,6562,'Heroic Presence'),(1024,1,28880,'Gift of the Naaru'),(1024,247,28875,'Gemcutting'),(1024,1,59221,'Shadow Resistance'),(1024,2,59535,'Shadow Resistance'),(1024,2,59542,'Gift of the Naaru'),(1024,4,59543,'Gift of the Naaru'),(1024,4,59536,'Shadow Resistance'),(1024,16,59538,'Shadow Resistance'),(1024,208,28878,'Heroic Presence'),(1024,16,59544,'Gift of the Naaru'),(1024,64,59540,'Shadow Resistance'),(1024,64,59547,'Gift of the Naaru'),(1024,128,59541,'Shadow Resistance'),(1024,128,59548,'Gift of the Naaru'),(2097152,1469,79742,'Languages'),(2097152,1437,69001,''),(0,32,52665,'Relic'),(0,32,63645,'Activating Primary Spec'),(0,32,63644,'Activating Secondary Spec'),(0,32,45902,'Blood Strike'),(0,32,82246,'Parry'),(0,32,89832,'Death Strike Enabler'),(0,32,45477,'Icy Touch'),(0,32,48266,'Frost Presence'),(0,32,61455,'Runic Focus'),(0,32,59921,'Frost Fever'),(0,32,33391,'Journeyman Riding'),(0,0,89964,'Clear Glyph'),(0,32,76282,'Armor Skills'),(0,32,76292,'Weapon Skills'),(0,32,750,'Plate Mail'),(0,32,45462,'Plague Strike'),(0,32,47541,'Death Coil'),(0,32,49576,'Death Grip'),(0,32,59879,'Blood Plague'),(0,32,45903,'Offensive State (DND)'),(0,32,10846,'First Aid'),(0,32,3275,'Linen Bandage'),(0,32,18630,'Heavy Runecloth Bandage'),(0,32,3276,'Heavy Linen Bandage'),(0,32,3277,'Wool Bandage'),(0,32,3278,'Heavy Wool Bandage'),(0,32,7928,'Silk Bandage'),(0,32,7929,'Heavy Silk Bandage'),(0,32,10840,'Mageweave Bandage'),(0,32,10841,'Heavy Mageweave Bandage'),(0,32,18629,'Runecloth Bandage'),(0,32,7934,'Anti-Venom'),(2,32,54562,'Command'),(64,32,20589,'Escape Artist'),(256,32,69046,'Pack Hobgoblin'),(512,32,50613,'Arcane Torrent'),(1024,32,59539,'Shadow Resistance'),(1024,32,59545,'Gift of the Naaru'),(2097152,32,68978,'Flayer'),(2097152,32,68992,'Darkflight'),(2097152,32,68976,'Aberration'),(2097152,32,68996,'Two Forms'),(2097152,32,68975,'Viciousness'),(2097152,32,94293,'Enable Worgen Altered Form'),(2097152,32,87840,'Running Wild'),(2099199,32,81,'Dodge'),(32,64,81,'Dodge'),(1024,215,81,'Dodge'),(64,409,81,'Dodge'),(16,413,81,'Dodge'),(513,415,81,'Dodge'),(2,461,81,'Dodge'),(256,477,81,'Dodge'),(4,479,81,'Dodge'),(32,1047,81,'Dodge'),(8,1181,81,'Dodge'),(2097152,1437,81,'Dodge'),(128,1501,81,'Dodge'),(2097400,1,107,'Block'),(513,3,107,'Block'),(32,64,107,'Block'),(258,65,107,'Block'),(1028,67,107,'Block'),(32,7,196,'One-Handed Axes'),(64,9,196,'One-Handed Axes'),(2097176,13,196,'One-Handed Axes'),(513,15,196,'One-Handed Axes'),(2099199,32,196,'One-Handed Axes'),(32,64,196,'One-Handed Axes'),(1024,71,196,'One-Handed Axes'),(386,77,196,'One-Handed Axes'),(4,79,196,'One-Handed Axes'),(192,1,197,'Two-Handed Axes'),(2097176,5,197,'Two-Handed Axes'),(545,7,197,'Two-Handed Axes'),(2099199,32,197,'Two-Handed Axes'),(32,64,197,'Two-Handed Axes'),(258,69,197,'Two-Handed Axes'),(1028,71,197,'Two-Handed Axes'),(80,25,198,'One-Handed Maces'),(513,27,198,'One-Handed Maces'),(2099199,32,198,'One-Handed Maces'),(32,64,198,'One-Handed Maces'),(2,73,198,'One-Handed Maces'),(1024,83,198,'One-Handed Maces'),(256,89,198,'One-Handed Maces'),(4,91,198,'One-Handed Maces'),(32,1043,198,'One-Handed Maces'),(2097160,1049,198,'One-Handed Maces'),(128,1113,198,'One-Handed Maces'),(240,1,199,'Two-Handed Maces'),(513,3,199,'Two-Handed Maces'),(2099199,32,199,'Two-Handed Maces'),(32,64,199,'Two-Handed Maces'),(258,65,199,'Two-Handed Maces'),(1028,67,199,'Two-Handed Maces'),(2097160,1025,199,'Two-Handed Maces'),(192,1,200,'Polearms'),(274,5,200,'Polearms'),(1541,7,200,'Polearms'),(2099199,32,200,'Polearms'),(2097160,1029,200,'Polearms'),(32,1031,200,'Polearms'),(32,7,201,'One-Handed Swords'),(2099199,32,201,'One-Handed Swords'),(1024,135,201,'One-Handed Swords'),(8,141,201,'One-Handed Swords'),(64,393,201,'One-Handed Swords'),(2097554,397,201,'One-Handed Swords'),(517,399,201,'One-Handed Swords'),(192,1,202,'Two-Handed Swords'),(2097434,5,202,'Two-Handed Swords'),(1573,7,202,'Two-Handed Swords'),(2099199,32,202,'Two-Handed Swords'),(2099199,32,203,'Unarmed'),(32,64,203,'Unarmed'),(1024,215,203,'Unarmed'),(64,409,203,'Unarmed'),(16,413,203,'Unarmed'),(513,415,203,'Unarmed'),(2,461,203,'Unarmed'),(256,477,203,'Unarmed'),(4,479,203,'Unarmed'),(32,1047,203,'Unarmed'),(8,1181,203,'Unarmed'),(2097152,1437,203,'Unarmed'),(128,1501,203,'Unarmed'),(2099199,32,204,'Defense'),(32,64,204,'Defense'),(1024,215,204,'Defense'),(64,409,204,'Defense'),(16,413,204,'Defense'),(513,415,204,'Defense'),(2,461,204,'Defense'),(256,477,204,'Defense'),(4,479,204,'Defense'),(32,1047,204,'Defense'),(8,1181,204,'Defense'),(2097152,1437,204,'Defense'),(128,1501,204,'Defense'),(32,64,227,'Staves'),(1024,213,227,'Staves'),(64,401,227,'Staves'),(529,405,227,'Staves'),(2,453,227,'Staves'),(260,469,227,'Staves'),(32,1045,227,'Staves'),(8,1173,227,'Staves'),(2097152,1429,227,'Staves'),(128,1493,227,'Staves'),(1056,5,264,'Bows'),(64,9,264,'Bows'),(2098079,13,264,'Bows'),(1056,5,266,'Guns'),(64,9,266,'Guns'),(2098079,13,266,'Guns'),(2099199,32,522,'SPELLDEFENSE (DND)'),(32,64,522,'SPELLDEFENSE (DND)'),(1024,215,522,'SPELLDEFENSE (DND)'),(64,409,522,'SPELLDEFENSE (DND)'),(16,413,522,'SPELLDEFENSE (DND)'),(513,415,522,'SPELLDEFENSE (DND)'),(2,461,522,'SPELLDEFENSE (DND)'),(256,477,522,'SPELLDEFENSE (DND)'),(4,479,522,'SPELLDEFENSE (DND)'),(32,1047,522,'SPELLDEFENSE (DND)'),(8,1181,522,'SPELLDEFENSE (DND)'),(2097152,1437,522,'SPELLDEFENSE (DND)'),(128,1501,522,'SPELLDEFENSE (DND)'),(2098253,32,668,'Language Common'),(1024,215,668,'Language Common'),(64,409,668,'Language Common'),(1,415,668,'Language Common'),(4,479,668,'Language Common'),(8,1181,668,'Language Common'),(2097152,1437,668,'Language Common'),(946,32,669,'Language Orcish'),(32,64,669,'Language Orcish'),(16,413,669,'Language Orcish'),(512,415,669,'Language Orcish'),(2,461,669,'Language Orcish'),(256,477,669,'Language Orcish'),(32,1047,669,'Language Orcish'),(128,1501,669,'Language Orcish'),(32,1143,670,'Language Taurahe'),(2098143,8,674,'Dual Wield'),(2099199,32,674,'Dual Wield'),(2099199,32,750,'Plate Mail'),(32,64,1180,'Daggers'),(1024,213,1180,'Daggers'),(64,409,1180,'Daggers'),(529,413,1180,'Daggers'),(2,461,1180,'Daggers'),(260,477,1180,'Daggers'),(32,1045,1180,'Daggers'),(8,1181,1180,'Daggers'),(2097152,1437,1180,'Daggers'),(128,1501,1180,'Daggers'),(32,64,1843,'Disarm'),(2099199,32,2382,'Generic'),(32,64,2382,'Generic'),(1024,215,2382,'Generic'),(64,409,2382,'Generic'),(16,413,2382,'Generic'),(513,415,2382,'Generic'),(2,461,2382,'Generic'),(256,477,2382,'Generic'),(4,479,2382,'Generic'),(32,1047,2382,'Generic'),(8,1181,2382,'Generic'),(2097152,1437,2382,'Generic'),(128,1501,2382,'Generic'),(2099199,1,2457,'Battle Stance'),(32,64,2479,'Honorless Target'),(2098272,1,2567,'Thrown'),(927,9,2567,'Thrown'),(2098272,1,2764,'Throw'),(927,9,2764,'Throw'),(2098272,1,3018,'Shoot'),(927,9,3018,'Shoot'),(2099199,32,3050,'Detect'),(32,64,3050,'Detect'),(1024,215,3050,'Detect'),(64,409,3050,'Detect'),(16,413,3050,'Detect'),(513,415,3050,'Detect'),(2,461,3050,'Detect'),(256,477,3050,'Detect'),(4,479,3050,'Detect'),(32,1047,3050,'Detect'),(8,1181,3050,'Detect'),(2097152,1437,3050,'Detect'),(128,1501,3050,'Detect'),(2099199,32,3275,'Linen Bandage'),(2099199,32,3276,'Heavy Linen Bandage'),(2099199,32,3277,'Wool Bandage'),(2099199,32,3278,'Heavy Wool Bandage'),(2099199,32,3365,'Opening'),(32,64,3365,'Opening'),(1024,215,3365,'Opening'),(64,409,3365,'Opening'),(16,413,3365,'Opening'),(513,415,3365,'Opening'),(2,461,3365,'Opening'),(256,477,3365,'Opening'),(4,479,3365,'Opening'),(32,1047,3365,'Opening'),(8,1181,3365,'Opening'),(2097152,1437,3365,'Opening'),(128,1501,3365,'Opening'),(96,16,5009,'Wands'),(1032,144,5009,'Wands'),(2,384,5009,'Wands'),(2098069,400,5009,'Wands'),(1056,5,5011,'Crossbows'),(64,9,5011,'Crossbows'),(2098079,13,5011,'Crossbows'),(96,16,5019,'Shoot'),(1032,144,5019,'Shoot'),(2,384,5019,'Shoot'),(2098069,400,5019,'Shoot'),(2099199,1,5301,'Defensive State (DND)'),(2099199,32,6233,'Closing'),(32,64,6233,'Closing'),(1024,215,6233,'Closing'),(64,409,6233,'Closing'),(16,413,6233,'Closing'),(513,415,6233,'Closing'),(2,461,6233,'Closing'),(256,477,6233,'Closing'),(4,479,6233,'Closing'),(32,1047,6233,'Closing'),(8,1181,6233,'Closing'),(2097152,1437,6233,'Closing'),(128,1501,6233,'Closing'),(2099199,32,6246,'Closing'),(32,64,6246,'Closing'),(1024,215,6246,'Closing'),(64,409,6246,'Closing'),(16,413,6246,'Closing'),(513,415,6246,'Closing'),(2,461,6246,'Closing'),(256,477,6246,'Closing'),(4,479,6246,'Closing'),(32,1047,6246,'Closing'),(8,1181,6246,'Closing'),(2097152,1437,6246,'Closing'),(128,1501,6246,'Closing'),(2099199,32,6247,'Opening'),(32,64,6247,'Opening'),(1024,215,6247,'Opening'),(64,409,6247,'Opening'),(16,413,6247,'Opening'),(513,415,6247,'Opening'),(2,461,6247,'Opening'),(256,477,6247,'Opening'),(4,479,6247,'Opening'),(32,1047,6247,'Opening'),(8,1181,6247,'Opening'),(2097152,1437,6247,'Opening'),(128,1501,6247,'Opening'),(2099199,32,6477,'Opening'),(32,64,6477,'Opening'),(1024,215,6477,'Opening'),(64,409,6477,'Opening'),(16,413,6477,'Opening'),(513,415,6477,'Opening'),(2,461,6477,'Opening'),(256,477,6477,'Opening'),(4,479,6477,'Opening'),(32,1047,6477,'Opening'),(8,1181,6477,'Opening'),(2097152,1437,6477,'Opening'),(128,1501,6477,'Opening'),(2099199,32,6478,'Opening'),(32,64,6478,'Opening'),(1024,211,6478,'Opening'),(1024,212,6478,'Opening'),(64,409,6478,'Opening'),(16,413,6478,'Opening'),(513,415,6478,'Opening'),(2,461,6478,'Opening'),(256,477,6478,'Opening'),(4,479,6478,'Opening'),(32,1047,6478,'Opening'),(8,1181,6478,'Opening'),(2097152,1437,6478,'Opening'),(128,1501,6478,'Opening'),(2099199,32,6603,'Auto Attack'),(32,64,6603,'Auto Attack'),(1024,215,6603,'Auto Attack'),(64,409,6603,'Auto Attack'),(16,413,6603,'Auto Attack'),(513,415,6603,'Auto Attack'),(2,461,6603,'Auto Attack'),(256,477,6603,'Auto Attack'),(4,479,6603,'Auto Attack'),(32,1047,6603,'Auto Attack'),(8,1181,6603,'Auto Attack'),(2097152,1437,6603,'Auto Attack'),(128,1501,6603,'Auto Attack'),(2099199,32,7266,'Duel'),(32,64,7266,'Duel'),(1024,215,7266,'Duel'),(64,409,7266,'Duel'),(16,413,7266,'Duel'),(513,415,7266,'Duel'),(2,461,7266,'Duel'),(256,477,7266,'Duel'),(4,479,7266,'Duel'),(32,1047,7266,'Duel'),(8,1181,7266,'Duel'),(2097152,1437,7266,'Duel'),(128,1501,7266,'Duel'),(2099199,32,7267,'Grovel'),(32,64,7267,'Grovel'),(1024,215,7267,'Grovel'),(64,409,7267,'Grovel'),(16,413,7267,'Grovel'),(513,415,7267,'Grovel'),(2,461,7267,'Grovel'),(256,477,7267,'Grovel'),(4,479,7267,'Grovel'),(32,1047,7267,'Grovel'),(8,1181,7267,'Grovel'),(2097152,1437,7267,'Grovel'),(128,1501,7267,'Grovel'),(2099199,32,7355,'Stuck'),(32,64,7355,'Stuck'),(1024,215,7355,'Stuck'),(64,409,7355,'Stuck'),(16,413,7355,'Stuck'),(513,415,7355,'Stuck'),(2,461,7355,'Stuck'),(256,477,7355,'Stuck'),(4,479,7355,'Stuck'),(32,1047,7355,'Stuck'),(8,1181,7355,'Stuck'),(2097152,1437,7355,'Stuck'),(128,1501,7355,'Stuck'),(2099199,32,7928,'Silk Bandage'),(2099199,32,7929,'Heavy Silk Bandage'),(2099199,32,7934,'Anti-Venom'),(2099199,32,8386,'Attacking'),(32,64,8386,'Attacking'),(1024,215,8386,'Attacking'),(64,409,8386,'Attacking'),(16,413,8386,'Attacking'),(513,415,8386,'Attacking'),(2,461,8386,'Attacking'),(256,477,8386,'Attacking'),(4,479,8386,'Attacking'),(32,1047,8386,'Attacking'),(8,1181,8386,'Attacking'),(2097152,1437,8386,'Attacking'),(128,1501,8386,'Attacking'),(2098142,1,8737,'Mail'),(1057,3,8737,'Mail'),(2099199,32,8737,'Mail'),(64,9,9077,'Leather'),(16,13,9077,'Leather'),(513,15,9077,'Leather'),(2099199,32,9077,'Leather'),(32,64,9077,'Leather'),(1024,71,9077,'Leather'),(258,77,9077,'Leather'),(4,79,9077,'Leather'),(32,1031,9077,'Leather'),(2097160,1037,9077,'Leather'),(128,1101,9077,'Leather'),(2099199,32,9078,'Cloth'),(32,64,9078,'Cloth'),(1024,215,9078,'Cloth'),(64,409,9078,'Cloth'),(16,413,9078,'Cloth'),(513,415,9078,'Cloth'),(2,461,9078,'Cloth'),(256,477,9078,'Cloth'),(4,479,9078,'Cloth'),(32,1047,9078,'Cloth'),(8,1181,9078,'Cloth'),(2097152,1437,9078,'Cloth'),(128,1501,9078,'Cloth'),(2097368,1,9116,'Shield'),(513,3,9116,'Shield'),(32,67,9116,'Shield'),(258,65,9116,'Shield'),(1028,67,9116,'Shield'),(2099199,32,9125,'Generic'),(32,64,9125,'Generic'),(1024,215,9125,'Generic'),(64,409,9125,'Generic'),(16,413,9125,'Generic'),(513,415,9125,'Generic'),(2,461,9125,'Generic'),(256,477,9125,'Generic'),(4,479,9125,'Generic'),(32,1047,9125,'Generic'),(8,1181,9125,'Generic'),(2097152,1437,9125,'Generic'),(128,1501,9125,'Generic'),(2099199,32,10840,'Mageweave Bandage'),(2099199,32,10841,'Heavy Mageweave Bandage'),(2099199,32,10846,'First Aid'),(64,9,15590,'Fist Weapons'),(529,13,15590,'Fist Weapons'),(32,64,15590,'Fist Weapons'),(1024,69,15590,'Fist Weapons'),(262,77,15590,'Fist Weapons'),(32,1029,15590,'Fist Weapons'),(2097160,1037,15590,'Fist Weapons'),(128,1101,15590,'Fist Weapons'),(2099199,32,18629,'Runecloth Bandage'),(2099199,32,18630,'Heavy Runecloth Bandage'),(32,1143,20549,'War Stomp'),(32,1143,20550,'Endurance'),(32,1143,20551,'Nature Resistance'),(32,1143,20552,'Cultivation'),(2099199,32,21651,'Opening'),(32,64,21651,'Opening'),(1024,215,21651,'Opening'),(64,409,21651,'Opening'),(16,413,21651,'Opening'),(513,415,21651,'Opening'),(2,461,21651,'Opening'),(256,477,21651,'Opening'),(4,479,21651,'Opening'),(32,1047,21651,'Opening'),(8,1181,21651,'Opening'),(2097152,1437,21651,'Opening'),(128,1501,21651,'Opening'),(2099199,32,21652,'Closing'),(32,64,21652,'Closing'),(1024,215,21652,'Closing'),(64,409,21652,'Closing'),(16,413,21652,'Closing'),(513,415,21652,'Closing'),(2,461,21652,'Closing'),(256,477,21652,'Closing'),(4,479,21652,'Closing'),(32,1047,21652,'Closing'),(8,1181,21652,'Closing'),(2097152,1437,21652,'Closing'),(128,1501,21652,'Closing'),(2099199,32,22027,'Remove Insignia'),(32,64,22027,'Remove Insignia'),(1024,215,22027,'Remove Insignia'),(64,409,22027,'Remove Insignia'),(16,413,22027,'Remove Insignia'),(513,415,22027,'Remove Insignia'),(2,461,22027,'Remove Insignia'),(256,477,22027,'Remove Insignia'),(4,479,22027,'Remove Insignia'),(32,1047,22027,'Remove Insignia'),(8,1181,22027,'Remove Insignia'),(2097152,1437,22027,'Remove Insignia'),(128,1501,22027,'Remove Insignia'),(2099199,32,22810,'Opening - No Text'),(32,64,22810,'Opening - No Text'),(1024,215,22810,'Opening - No Text'),(64,409,22810,'Opening - No Text'),(16,413,22810,'Opening - No Text'),(513,415,22810,'Opening - No Text'),(2,461,22810,'Opening - No Text'),(256,477,22810,'Opening - No Text'),(4,479,22810,'Opening - No Text'),(32,1047,22810,'Opening - No Text'),(8,1181,22810,'Opening - No Text'),(2097152,1437,22810,'Opening - No Text'),(128,1501,22810,'Opening - No Text'),(1446,64,27763,'Relic'),(2099199,1,32215,'Victorious State'),(2099199,32,33391,'Journeyman Riding'),(2099199,32,45462,'Plague Strike'),(2099199,32,45477,'Icy Touch'),(2099199,32,45902,'Blood Strike'),(2099199,32,45903,'Offensive State (DND)'),(2099199,32,45927,'Summon Friend'),(32,64,45927,'Summon Friend'),(1024,215,45927,'Summon Friend'),(64,409,45927,'Summon Friend'),(16,413,45927,'Summon Friend'),(513,415,45927,'Summon Friend'),(2,461,45927,'Summon Friend'),(256,477,45927,'Summon Friend'),(4,479,45927,'Summon Friend'),(32,1047,45927,'Summon Friend'),(8,1181,45927,'Summon Friend'),(2097152,1437,45927,'Summon Friend'),(128,1501,45927,'Summon Friend'),(2099199,32,47541,'Death Coil'),(2099199,32,48266,'Frost Presence'),(2098174,1,49410,'Forceful Deflection'),(1025,3,49410,'Forceful Deflection'),(2099199,32,49410,'Forceful Deflection'),(2099199,32,49576,'Death Grip'),(2099199,32,52665,'Relic'),(2099199,32,59879,'Blood Plague'),(2099199,32,59921,'Frost Fever'),(2099199,32,61437,'Opening'),(32,64,61437,'Opening'),(1024,215,61437,'Opening'),(64,409,61437,'Opening'),(16,413,61437,'Opening'),(513,415,61437,'Opening'),(2,461,61437,'Opening'),(256,477,61437,'Opening'),(4,479,61437,'Opening'),(32,1047,61437,'Opening'),(8,1181,61437,'Opening'),(2097152,1437,61437,'Opening'),(128,1501,61437,'Opening'),(2099199,32,61455,'Runic Focus'),(2099199,32,63644,'Activating Secondary Spec'),(2099199,32,63645,'Activating Primary Spec'),(2099199,32,68398,'Opening'),(32,64,68398,'Opening'),(1024,215,68398,'Opening'),(64,409,68398,'Opening'),(16,413,68398,'Opening'),(513,415,68398,'Opening'),(2,461,68398,'Opening'),(256,477,68398,'Opening'),(4,479,68398,'Opening'),(32,1047,68398,'Opening'),(8,1181,68398,'Opening'),(2097152,1437,68398,'Opening'),(128,1501,68398,'Opening'),(2099199,1,76268,'Armor Skills'),(1446,64,76272,'Armor Skills'),(2099199,32,76282,'Armor Skills'),(2099199,1,76290,'Weapon Skills'),(2099199,32,76292,'Weapon Skills'),(1446,64,76296,'Weapon Skills'),(32,64,79743,'Languages'),(2099199,32,82246,'Parry'),(2098200,128,85801,'DPS Caster Crit Damage Bonus'),(967,384,85801,'DPS Caster Crit Damage Bonus'),(2099199,1,88161,'Strike'),(2099199,1,88163,'Attack'),(2099199,32,89832,'Death Strike Enabler'),(1446,64,89920,'Ancestral Focus'),(2099199,0,89964,'Clear Glyph'),(2099199,32,96220,'Opening'),(32,64,96220,'Opening'),(1024,215,96220,'Opening'),(64,409,96220,'Opening'),(16,413,96220,'Opening'),(513,415,96220,'Opening'),(2,461,96220,'Opening'),(256,477,96220,'Opening'),(4,479,96220,'Opening'),(32,1047,96220,'Opening'),(8,1181,96220,'Opening'),(2097152,1437,96220,'Opening'),(128,1501,96220,'Opening');

/*Table structure for table `playercreateinfo_spell_custom` */

DROP TABLE IF EXISTS `playercreateinfo_spell_custom`;

CREATE TABLE `playercreateinfo_spell_custom` (
  `racemask` int(10) unsigned NOT NULL DEFAULT '0',
  `classmask` int(10) unsigned NOT NULL DEFAULT '0',
  `Spell` mediumint(8) unsigned NOT NULL DEFAULT '0',
  `Note` varchar(255) DEFAULT NULL,
  PRIMARY KEY (`racemask`,`classmask`,`Spell`)
) ENGINE=MyISAM DEFAULT CHARSET=utf8;
