
/*
Author : Northstrider
Descr. : deadmines spawns and addons and basic template updates
Ticket : 
*/

DELETE FROM `creature` WHERE `map`= 36 AND `id` NOT IN (4);
DELETE FROM `gameobject` WHERE `map`= 36;
DELETE FROM `creature_addon` WHERE `guid` NOT IN (SELECT `guid` FROM `creature`);

SET @CGUID := 782360;
SET @OGUID := 778924;

DELETE FROM `gameobject` WHERE `guid` BETWEEN @OGUID+0 AND @OGUID+41;
INSERT INTO `gameobject` (`guid`, `id`, `map`, `spawnMask`, `phaseMask`, `position_x`, `position_y`, `position_z`, `orientation`, `rotation0`, `rotation1`, `rotation2`, `rotation3`, `spawntimesecs`, `animprogress`, `state`) VALUES
(@OGUID+0, 208516, 36, 1, 1, -14.75671, -389.0967, 63.59012, 1.553341, 0, 0, 0.7009094, 0.7132503, 7200, 255, 1), -- -Unknown- (Area: 0)
(@OGUID+1, 208515, 36, 1, 1, -14.75671, -389.0967, 63.59012, 1.553341, 0, 0, 0.7009094, 0.7132503, 7200, 255, 1), -- -Unknown- (Area: 0)
(@OGUID+2, 208002, 36, 1, 1, -64.15278, -385.9896, 53.19195, 1.850049, 0, 0, 0, 1, 7200, 255, 1), -- -Unknown- (Area: 0)
(@OGUID+3, 13965, 36, 1, 1, -191.4146, -457.4458, 54.43914, 1.692966, 0, 0, 0.7009094, 0.7132503, 7200, 255, 1), -- Factory Door (Area: 0)
(@OGUID+4, 16399, 36, 1, 1, -168.514, -579.8608, 19.31593, 3.124123, 0, 0, 0.7009094, 0.7132503, 7200, 255, 1), -- Foundry Door (Area: 0)
(@OGUID+5, 17153, 36, 1, 1, -262.7137, -482.3611, 49.43531, 6.265733, 0, 0, 0.7009094, 0.7132503, 7200, 255, 1), -- Heavy Door (Area: 0)
(@OGUID+6, 208002, 36, 1, 1, -201.0955, -606.0504, 19.3022, 2.740162, 0, 0, 0, 1, 7200, 255, 1), -- -Unknown- (Area: 0)
(@OGUID+7, 17154, 36, 1, 1, -242.9652, -578.561, 51.1366, 3.124123, 0, 0, 0.7009094, 0.7132503, 7200, 255, 1), -- Heavy Door (Area: 0)
(@OGUID+8, 16397, 36, 1, 1, -100.5015, -668.7706, 7.410492, 1.815142, 0, 0, 0.7009094, 0.7132503, 7200, 255, 1), -- Iron Clad Door (Area: 0)
(@OGUID+9, 208002, 36, 1, 1, -305.3212, -491.2917, 49.232, 0.4886912, 0, 0, 0, 1, 7200, 255, 1), -- -Unknown- (Area: 0)
(@OGUID+10, 16400, 36, 1, 1, -290.2941, -536.9603, 49.43531, 1.553341, 0, 0, 0.7009094, 0.7132503, 7200, 255, 1), -- Mast Room Door (Area: 0)
(@OGUID+11, 208002, 36, 1, 1, -129.9149, -788.8976, 17.34092, 0.3665176, 0, 0, 0, 1, 7200, 255, 1), -- -Unknown- (Area: 0)
(@OGUID+12, 207079, 36, 1, 1, -197.436, -490.266, 53.8617, 4.380776, 0, 0, 0, 1, 7200, 255, 1), -- -Unknown- (Area: 0)
(@OGUID+13, 207079, 36, 1, 1, -179.665, -492.655, 54.3416, 0, 0, 0, 0, 1, 7200, 255, 1), -- -Unknown- (Area: 0)
(@OGUID+14, 207079, 36, 1, 1, -192.778, -505.63, 53.1919, 3.036838, 0, 0, 0, 1, 7200, 255, 1), -- -Unknown- (Area: 0)
(@OGUID+15, 207079, 36, 1, 1, -182.196, -502.55, 53.5372, 2.967041, 0, 0, 0, 1, 7200, 255, 1), -- -Unknown- (Area: 0)
(@OGUID+16, 207079, 36, 1, 1, -221.563, -485.286, 48.9329, 5.009095, 0, 0, 0, 1, 7200, 255, 1), -- -Unknown- (Area: 0)
(@OGUID+17, 207079, 36, 1, 1, -205.415, -502.424, 52.0631, 6.178466, 0, 0, 0, 1, 7200, 255, 1), -- -Unknown- (Area: 0)
(@OGUID+18, 207079, 36, 1, 1, -158.422, -508.253, 53.4218, 0, 0, 0, 0, 1, 7200, 255, 1), -- -Unknown- (Area: 0)
(@OGUID+19, 207079, 36, 1, 1, -236.092, -488.552, 49.4053, 3.001947, 0, 0, 0, 1, 7200, 255, 1), -- -Unknown- (Area: 0)
(@OGUID+20, 207079, 36, 1, 1, -219.762, -504.585, 50.4594, 0, 0, 0, 0, 1, 7200, 255, 1), -- -Unknown- (Area: 0)
(@OGUID+21, 207079, 36, 1, 1, -169.604, -509.63, 53.5638, 5.061456, 0, 0, 0, 1, 7200, 255, 1), -- -Unknown- (Area: 0)
(@OGUID+22, 207079, 36, 1, 1, -210.984, -511.063, 50.8982, 3.281239, 0, 0, 0, 1, 7200, 255, 1), -- -Unknown- (Area: 0)
(@OGUID+23, 207079, 36, 1, 1, -156.175, -520.281, 52.3784, 2.042035, 0, 0, 0, 1, 7200, 255, 1), -- -Unknown- (Area: 0)
(@OGUID+24, 207079, 36, 1, 1, -150.311, -519.649, 52.8737, 0.6981315, 0, 0, 0, 1, 7200, 255, 1), -- -Unknown- (Area: 0)
(@OGUID+25, 207079, 36, 1, 1, -158.554, -530.83, 52.3817, 1.221729, 0, 0, 0, 1, 7200, 255, 1), -- -Unknown- (Area: 0)
(@OGUID+26, 207079, 36, 1, 1, -154.227, -529.694, 49.7548, 4.01426, 0, 0, 0, 1, 7200, 255, 1), -- -Unknown- (Area: 0)
(@OGUID+27, 207079, 36, 1, 1, -149.149, -532.719, 49.8969, 5.009095, 0, 0, 0, 1, 7200, 255, 1), -- -Unknown- (Area: 0)
(@OGUID+28, 207290, 36, 1, 1, -205.1858, -544.9375, 54.5354, 4.71239, 0, 0, 0, 1, 7200, 255, 1), -- -Unknown- (Area: 0)
(@OGUID+29, 123207, 36, 1, 1, -205.6642, -574.5812, 20.99874, 1.553341, 0, 0, 0.7009094, 0.7132503, 7200, 255, 1), -- Goblin Smelting Pot (Area: 0)
(@OGUID+30, 123209, 36, 1, 1, -201.0433, -579.3741, 20.99874, 6.265733, 0, 0, 0.7009094, 0.7132503, 7200, 255, 1), -- Goblin Smelting Pot (Area: 0)
(@OGUID+31, 123208, 36, 1, 1, -210.4285, -579.2006, 20.99874, 3.124123, 0, 0, 0.7009094, 0.7132503, 7200, 255, 1), -- Goblin Smelting Pot (Area: 0)
(@OGUID+32, 123210, 36, 1, 1, -205.8048, -583.9644, 20.99874, 4.694937, 0, 0, 0.7009094, 0.7132503, 7200, 255, 1), -- Goblin Smelting Pot (Area: 0)
(@OGUID+33, 101834, 36, 1, 1, -165.4043, -576.9242, 19.30644, 3.298687, 0, 0, 0.7009094, 0.7132503, 7200, 255, 1), -- Door Lever (Area: 0)
(@OGUID+34, 101831, 36, 1, 1, -188.1366, -460.3134, 54.55907, 1.727875, 0, 0, 0.7009094, 0.7132503, 7200, 255, 1), -- Door Lever (Area: 0)
(@OGUID+35, 123211, 36, 1, 1, -205.9727, -613.2621, 19.40043, 6.178468, 0, 0, 0.7009094, 0.7132503, 7200, 255, 1), -- Foundry Anvil (Area: 0)
(@OGUID+36, 123212, 36, 1, 1, -196.4172, -610.9805, 19.40043, 4.258607, 0, 0, 0.7009094, 0.7132503, 7200, 255, 1), -- Foundry Anvil (Area: 0)
(@OGUID+37, 123213, 36, 1, 1, -196.4913, -605.381, 19.40043, 1.640607, 0, 0, 0.7009094, 0.7132503, 7200, 255, 1), -- Foundry Anvil (Area: 0)
(@OGUID+38, 16398, 36, 1, 1, -107.5617, -659.6737, 7.212111, 5.392893, 0, 0, 0.7009094, 0.7132503, 7200, 255, 1), -- Defias Cannon (Area: 0)
(@OGUID+39, 101833, 36, 1, 1, -96.92775, -670.5967, 7.403381, 1.902409, 0, 0, 0.7009094, 0.7132503, 7200, 255, 1), -- Door Lever (Area: 0)
(@OGUID+40, 208520, 36, 1, 1, -109.4304, -1003.769, 33.60406, 1.292679, 0, 0, 0.8849877, 0.4656144, 7200, 255, 1), -- -Unknown- (Area: 0)
(@OGUID+41, 208519, 36, 1, 1, -109.4304, -1003.769, 33.60406, 1.292679, 0, 0, 0.8849877, 0.4656144, 7200, 255, 1); -- -Unknown- (Area: 0)

UPDATE `creature_template` SET `modelid1`=169 WHERE `entry`=53488; -- Summon Enabler Stalker
UPDATE `creature_template` SET `speed_walk`=0.2, `speed_run`=1.142857 WHERE `entry`=49042; -- Glubtok Firewall Platter Creature Level 2c
UPDATE `creature_template` SET `speed_walk`=0.2, `speed_run`=1.142857 WHERE `entry`=49040; -- Glubtok Firewall Platter Creature Level 1c
UPDATE `creature_template` SET `speed_walk`=0.2, `speed_run`=1.142857 WHERE `entry`=48974; -- Glubtok Firewall Platter
UPDATE `creature_template` SET `speed_walk`=0.2, `speed_run`=1.142857 WHERE `entry`=48975; -- Glubtok Firewall Platter Creature Level 1a
UPDATE `creature_template` SET `speed_walk`=0.2, `speed_run`=1.142857 WHERE `entry`=48976; -- Glubtok Firewall Platter Creature Level 2a
UPDATE `creature_template` SET `speed_walk`=0.2, `speed_run`=1.142857 WHERE `entry`=49039; -- Glubtok Firewall Platter Creature Level 1b
UPDATE `creature_template` SET `speed_walk`=0.2, `speed_run`=1.142857 WHERE `entry`=49041; -- Glubtok Firewall Platter Creature Level 2b
UPDATE `creature_template` SET `gossip_menu_id`=12505, `npcflag`=1 WHERE `entry`=49564; -- A Note From Vanessa
UPDATE `creature_template` SET `speed_walk`=1, `speed_run`=1.142857, `exp`=3 WHERE `entry`=49429; -- Vanessa VanCleef
UPDATE `creature_template` SET `speed_walk`=1, `speed_run`=1.142857 WHERE `entry`=49454; -- Vanessa's Trap Bunny
UPDATE `creature_template` SET `npcflag`=16777216 WHERE `entry`=49457; -- Steam Valve
UPDATE `creature_template` SET `speed_walk`=1, `speed_run`=1.142857 WHERE `entry`=51594; -- Glubtok Nightmare Fire Bunny
UPDATE `creature_template` SET `speed_walk`=1, `speed_run`=1.142857 WHERE `entry`=49671; -- Vanessa VanCleef
UPDATE `creature_template` SET `speed_walk`=1, `speed_run`=1.142857 WHERE `entry`=49670; -- Glubtok
UPDATE `creature_template` SET `speed_walk`=1, `speed_run`=1.142857 WHERE `entry`=49674; -- Helix Gearbreaker
UPDATE `creature_template` SET `speed_walk`=1, `speed_run`=1.142857 WHERE `entry`=49493; -- Nightmare Skitterling
UPDATE `creature_template` SET `speed_walk`=1, `speed_run`=1.190476 WHERE `entry`=49495; -- Chattering Horror
UPDATE `creature_template` SET `speed_walk`=1, `speed_run`=1.190476 WHERE `entry`=49494; -- Darkweb Devourer
UPDATE `creature_template` SET `speed_walk`=1, `speed_run`=1.142857 WHERE `entry`=49681; -- Foe Reaper 5000
UPDATE `creature_template` SET `speed_walk`=0.2, `speed_run`=1.142857 WHERE `entry`=49520; -- Vanessa Lightning Platter
UPDATE `creature_template` SET `speed_walk`=0.2, `speed_run`=1.142857 WHERE `entry`=49521; -- Vanessa Lightning Stalker
UPDATE `creature_template` SET `speed_walk`=1, `speed_run`=1.142857 WHERE `entry`=49682; -- Ripsnarl
UPDATE `creature_template` SET `speed_walk`=1, `speed_run`=1.142857 WHERE `entry`=49534; -- Emme Harrington
UPDATE `creature_template` SET `speed_walk`=1, `speed_run`=1.142857 WHERE `entry`=49532; -- Enraged Worgen
UPDATE `creature_template` SET `speed_walk`=1, `speed_run`=1.142857, `exp`=3 WHERE `entry`=49139; -- Helix' Crew
UPDATE `creature_template` SET `speed_walk`=1, `speed_run`=1.142857, `exp`=3 WHERE `entry`=49138; -- Helix' Crew
UPDATE `creature_template` SET `speed_walk`=1, `speed_run`=1.142857, `exp`=3 WHERE `entry`=49136; -- Helix' Crew
UPDATE `creature_template` SET `speed_walk`=1, `speed_run`=1.142857, `exp`=3 WHERE `entry`=49137; -- Helix' Crew
UPDATE `creature_template` SET `speed_walk`=1, `speed_run`=0.8571429 WHERE `entry`=51462; -- Mine Rat
UPDATE `creature_template` SET `speed_walk`=1, `speed_run`=1.142857 WHERE `entry`=49552; -- Vanessa's Rope Anchor
UPDATE `creature_template` SET `speed_walk`=1, `speed_run`=1.142857 WHERE `entry`=49208; -- Prototype Reaper
UPDATE `creature_template` SET `speed_walk`=1, `speed_run`=1.142857 WHERE `entry`=51624; -- Vanessa Anchor Bunny JMF
UPDATE `creature_template` SET `speed_walk`=1, `speed_run`=1.142857, `exp`=3 WHERE `entry`=49541; -- Vanessa VanCleef
UPDATE `creature_template` SET `npcflag`=16777216 WHERE `entry`=49550; -- Rope

UPDATE `gameobject_template` SET `faction`=35, `flags`=32 WHERE `entry`=208002; -- -Unknown-
UPDATE `gameobject_template` SET `flags`=34 WHERE `entry`=13965; -- Factory Door
UPDATE `gameobject_template` SET `flags`=34 WHERE `entry`=16399; -- Foundry Door
UPDATE `gameobject_template` SET `flags`=34 WHERE `entry`=16400; -- Mast Room Door

REPLACE INTO `creature_template_addon` (`entry`, `mount`, `bytes1`, `bytes2`, `auras`) VALUES
(53488, 0, 0x0, 0x1, '99201'), -- Summon Enabler Stalker - Summon Enabler
(4075, 0, 0x0, 0x1, ''), -- Rat
(48229, 0, 0x0, 0x1, ''), -- Kobold Digger
(48230, 0, 0x0, 0x1, ''), -- Ogre Henchman
(48446, 0, 0x0, 0x1, '90101'), -- Scorch Mark Bunny JMF - Scorch Mark Animkit
(45979, 0, 0x0, 0x1, ''), -- General Purpose Bunny JMF
(48284, 0, 0x0, 0x1, ''), -- Mining Powder
(48266, 0, 0x0, 0x1, ''), -- Defias Cannon
(49042, 0, 0x3000000, 0x1, '46598'), -- Glubtok Firewall Platter Creature Level 2c - Ride Vehicle Hardcoded
(49040, 0, 0x3000000, 0x1, '46598'), -- Glubtok Firewall Platter Creature Level 1c - Ride Vehicle Hardcoded
(48974, 0, 0x3000000, 0x1, ''), -- Glubtok Firewall Platter
(48975, 0, 0x3000000, 0x1, '46598'), -- Glubtok Firewall Platter Creature Level 1a - Ride Vehicle Hardcoded
(48976, 0, 0x3000000, 0x1, '46598'), -- Glubtok Firewall Platter Creature Level 2a - Ride Vehicle Hardcoded
(49039, 0, 0x3000000, 0x1, '46598'), -- Glubtok Firewall Platter Creature Level 1b - Ride Vehicle Hardcoded
(49041, 0, 0x3000000, 0x1, '46598'), -- Glubtok Firewall Platter Creature Level 2b - Ride Vehicle Hardcoded
(47162, 0, 0x0, 0x1, ''), -- Glubtok
(48338, 0, 0x0, 0x1, '89842'), -- Mine Bunny - Drink Tray
(48340, 0, 0x0, 0x1, '46598'), -- Drink Tray - Ride Vehicle Hardcoded
(48341, 0, 0x0, 0x1, '46598'), -- Goblin Cocktail - Ride Vehicle Hardcoded
(48342, 0, 0x0, 0x1, '46598'), -- Goblin Cocktail - Ride Vehicle Hardcoded
(48343, 0, 0x0, 0x1, '46598'), -- Goblin Cocktail - Ride Vehicle Hardcoded
(48351, 0, 0x0, 0x1, '89842'), -- Mine Bunny - Drink Tray
(47403, 0, 0x0, 0x1, '90979'), -- Defias Reaper - Energize!
(47404, 0, 0x0, 0x1, ''), -- Defias Watcher
(49208, 0, 0x0, 0x1, '87239 91731'), -- Prototype Reaper - Zero Power, Obsidian Alloy
(51624, 0, 0x0, 0x1, ''), -- Vanessa Anchor Bunny JMF
(47297, 0, 0x0, 0x1, ''), -- Lumbering Oaf
(47296, 0, 0x0, 0x1, '46598 90546'), -- Helix Gearbreaker - Ride Vehicle Hardcoded, Oafguard
(49552, 0, 0x0, 0x1, ''), -- Vanessa's Rope Anchor
(47242, 0, 0x0, 0x1, ''), -- General Purpose Bunny JMF (Look 2)
(47282, 0, 0x0, 0x1, '88164'), -- Fire Blossom Bunny - Fire Blossom Visual
(47284, 0, 0x0, 0x1, '88165'), -- Frost Blossom Bunny - Frost Blossom Visual
(48262, 0, 0x0, 0x1, ''), -- Ogre Bodyguard
(47677, 0, 0x0, 0x1, ''), -- General Purpose Bunny JMF (Look 3)
(43778, 0, 0x0, 0x1, '87239 88348'), -- Foe Reaper 5000 - Zero Power, Off-line
(48441, 0, 0x0, 0x1, ''), -- Mining Monkey
(48279, 0, 0x0, 0x1, '91035'), -- Goblin Overseer - Threatening Shout
(48278, 0, 0x0, 0x1, ''), -- Mining Monkey
(48442, 0, 0x0, 0x1, ''), -- Mining Monkey
(48440, 0, 0x0, 0x1, ''), -- Mining Monkey
(48445, 0, 0x0, 0x1, ''), -- Oaf Lackey
(48439, 0, 0x0, 0x1, '70628'), -- Goblin Engineer - Permanent Feign Death
(48280, 0, 0x0, 0x1, '70628'), -- Goblin Craftsman - Permanent Feign Death
(48502, 0, 0x0, 0x1, ''), -- Defias Enforcer
(48417, 0, 0x0, 0x1, '90389'), -- Defias Blood Wizard - Blood Channeling
(43359, 0, 0x0, 0x1, ''), -- ELM General Purpose Bunny Infinite Hide Body
(44140, 0, 0x0, 0x1, ''), -- PetWait Trigger
(37490, 0, 0x0, 0x1, ''), -- ELM General Purpose Bunny Infinite
(42851, 0, 0x0, 0x1, '29266'), -- Revenant of Neptulon - Permanent Feign Death
(42173, 0, 0x0, 0x1, ''), -- The Undershell Tentacle Flavor
(42196, 0, 0x0, 0x1, '78715'), -- ELM General Purpose Bunny Infinite (scale x2.5) - L'ghorek: Ascendant Light Beam
(40987, 0, 0x0, 0x1, ''), -- Gnash
(32520, 0, 0x0, 0x1, ''), -- Totally Generic Bunny (All Phase)
(48420, 0, 0x0, 0x1, ''), -- Defias Digger
(48419, 0, 0x0, 0x1, ''), -- Defias Miner
(48418, 0, 0x0, 0x1, '92001'), -- Defias Envoker - Envoker's Shield
(48421, 0, 0x0, 0x1, ''), -- Defias Overseer
(49139, 0, 0x0, 0x1, ''), -- Helix' Crew
(49138, 0, 0x0, 0x1, ''), -- Helix' Crew
(49136, 0, 0x0, 0x1, ''), -- Helix' Crew
(49137, 0, 0x0, 0x1, ''), -- Helix' Crew
(51462, 0, 0x0, 0x1, ''), -- Mine Rat
(48505, 0, 0x0, 0x1, '90955'), -- Defias Shadowguard - Camouflage
(48447, 0, 0x3000000, 0x1, ''), -- Monstrous Parrot
(48450, 0, 0x3000000, 0x1, ''), -- Sunwing Squawker
(47626, 0, 0x0, 0x1, '88736'), -- Admiral Ripsnarl - Thirst for Blood
(48451, 0, 0x0, 0x1, ''), -- Ol' Beaky
(48522, 0, 0x0, 0x1, ''), -- Defias Pirate
(48521, 0, 0x0, 0x1, ''), -- Defias Squallshaper
(47739, 0, 0x0, 0x1, '89339'), -- "Captain" Cookie - Who's that?
(49564, 0, 0x3000000, 0x1, '92376'), -- A Note From Vanessa - Cosmetic - Loot Sparkles
(49429, 0, 0x0, 0x1, '89279'), -- Vanessa VanCleef - Sitting
(49454, 0, 0x0, 0x1, ''), -- Vanessa's Trap Bunny
(49457, 0, 0x0, 0x1, '94557'), -- Steam Valve - CLICK ME
(51594, 0, 0x0, 0x1, '92169'), -- Glubtok Nightmare Fire Bunny - Nightmare Flames
(49671, 0, 0x0, 0x1, '48143'), -- Vanessa VanCleef - Forgotten Aura
(49670, 0, 0x0, 0x1, '48143'), -- Glubtok - Forgotten Aura
(49674, 0, 0x0, 0x1, '48143'), -- Helix Gearbreaker - Forgotten Aura
(49493, 0, 0x0, 0x1, ''), -- Nightmare Skitterling
(49495, 0, 0x0, 0x1, ''), -- Chattering Horror
(49494, 0, 0x0, 0x1, ''), -- Darkweb Devourer
(49681, 0, 0x0, 0x1, '48143'), -- Foe Reaper 5000 - Forgotten Aura
(49520, 0, 0x3000000, 0x1, '95519'), -- Vanessa Lightning Platter - Spark
(49521, 0, 0x3000000, 0x1, '92277'), -- Vanessa Lightning Stalker - Spark
(49682, 0, 0x0, 0x1, '48143'), -- Ripsnarl - Forgotten Aura
(49534, 0, 0x0, 0x1, ''), -- Emme Harrington
(49532, 0, 0x0, 0x1, ''), -- Enraged Worgen
(49535, 0, 0x0, 0x1, ''), -- Erik Harrington
(49539, 0, 0x0, 0x1, ''), -- James Harrington
(49536, 0, 0x0, 0x1, '92608'), -- Calissa Harrington - Choking
(49541, 0, 0x0, 0x1, ''), -- Vanessa VanCleef
(49550, 0, 0x0, 0x1, '95527'); -- Rope - CLICK ME

UPDATE `creature_model_info` SET `bounding_radius`=1.1385, `combat_reach`=2.15625 WHERE `modelid`=373; -- 373
UPDATE `creature_model_info` SET `bounding_radius`=0.28, `combat_reach`=0.8 WHERE `modelid`=36148; -- 36148
UPDATE `creature_model_info` SET `bounding_radius`=0.28, `combat_reach`=0.8 WHERE `modelid`=36150; -- 36150
UPDATE `creature_model_info` SET `bounding_radius`=0.28, `combat_reach`=0.8 WHERE `modelid`=36152; -- 36152
UPDATE `creature_model_info` SET `bounding_radius`=1.122, `combat_reach`=0.9 WHERE `modelid`=368; -- 368

DELETE FROM `creature` WHERE `guid` BETWEEN @CGUID+0 AND @CGUID+791;
INSERT INTO `creature` (`guid`, `id`, `map`, `spawnMask`, `phaseMask`, `position_x`, `position_y`, `position_z`, `orientation`, `spawntimesecs`, `spawndist`, `MovementType`) VALUES
(@CGUID+0, 53488, 36, 1, 1, -53.29514, -377.9635, 54.40679, 2.827433, 7200, 0, 0), -- Summon Enabler Stalker (Area: 0)
(@CGUID+1, 53488, 36, 1, 1, -56.35764, -395.1754, 54.72453, 2.827433, 7200, 0, 0), -- Summon Enabler Stalker (Area: 0)
(@CGUID+2, 53488, 36, 1, 1, -34.30382, -374.941, 58.93652, 2.827433, 7200, 0, 0), -- Summon Enabler Stalker (Area: 0)
(@CGUID+3, 53488, 36, 1, 1, -17.83333, -380.2656, 61.01982, 2.827433, 7200, 0, 0), -- Summon Enabler Stalker (Area: 0)
(@CGUID+4, 4075, 36, 1, 1, -33.10969, -372.5262, 58.97606, 3.006042, 7200, 0, 0), -- Rat (Area: 0)
(@CGUID+5, 53488, 36, 1, 1, -75.87153, -375.1736, 54.97334, 2.827433, 7200, 0, 0), -- Summon Enabler Stalker (Area: 0)
(@CGUID+6, 48229, 36, 1, 1, -97.08854, -391.0764, 59.05743, 0.8377581, 7200, 0, 0), -- Kobold Digger (Area: 0)
(@CGUID+7, 48230, 36, 1, 1, -97.55382, -398.875, 58.43073, 2.565634, 7200, 0, 0), -- Ogre Henchman (Area: 0) (possible waypoints or random movement)
(@CGUID+8, 48446, 36, 1, 1, -90.3924, -375.684, 58.02913, 0, 7200, 0, 0), -- Scorch Mark Bunny JMF (Area: 0)
(@CGUID+9, 45979, 36, 1, 1, -90.4306, -375.743, 58.01613, 0, 7200, 0, 0), -- General Purpose Bunny JMF (Area: 0)
(@CGUID+10, 48229, 36, 1, 1, -105.9931, -403.4167, 59.98793, 4.712389, 7200, 0, 0), -- Kobold Digger (Area: 0)
(@CGUID+11, 48284, 36, 1, 1, -98.1962, -388.095, 58.92353, 0, 7200, 0, 0), -- Mining Powder (Area: 0)
(@CGUID+12, 4075, 36, 1, 1, -101.1755, -389.3205, 57.94141, 1.963003, 7200, 0, 0), -- Rat (Area: 0)
(@CGUID+13, 48230, 36, 1, 1, -115.431, -431.451, 55.07733, 0, 7200, 0, 0), -- Ogre Henchman (Area: 0) (possible waypoints or random movement)
(@CGUID+17, 48230, 36, 1, 1, -157.3924, -396.8229, 56.56949, 5.026548, 7200, 0, 0), -- Ogre Henchman (Area: 0) (possible waypoints or random movement)
(@CGUID+18, 47162, 36, 1, 1, -192.3281, -450.2448, 54.52153, 1.605703, 7200, 0, 0), -- Glubtok (Area: 0) (possible waypoints or random movement)
(@CGUID+19, 48338, 36, 1, 1, -187.2888, -494.8318, 53.54471, 4.419672, 7200, 0, 0), -- Mine Bunny (Area: 0) (possible waypoints or random movement)
(@CGUID+20, 48351, 36, 1, 1, -213.8468, -500.7658, 50.83506, 2.51883, 7200, 0, 0), -- Mine Bunny (Area: 0) (possible waypoints or random movement)
(@CGUID+21, 47403, 36, 1, 1, -182.7431, -565.9688, 19.3898, 3.351032, 7200, 0, 0), -- Defias Reaper (Area: 0) (possible waypoints or random movement)
(@CGUID+22, 47404, 36, 1, 1, -205.5347, -552.7465, 19.3898, 4.537856, 7200, 0, 0), -- Defias Watcher (Area: 0) (possible waypoints or random movement)
(@CGUID+23, 49208, 36, 1, 1, -205.8229, -553.7934, 51.31293, 4.712389, 7200, 0, 0), -- Prototype Reaper (Area: 0)
(@CGUID+24, 51624, 36, 1, 1, -205.7691, -579.092, 51.10293, 5.986479, 7200, 0, 0), -- Vanessa Anchor Bunny JMF (Area: 0)
(@CGUID+25, 47403, 36, 1, 1, -228.6754, -565.7535, 19.38983, 5.986479, 7200, 0, 0), -- Defias Reaper (Area: 0) (possible waypoints or random movement)
(@CGUID+26, 47297, 36, 1, 1, -302.3611, -516.3455, 52.03153, 0.1745329, 7200, 0, 0), -- Lumbering Oaf (Area: 0) (possible waypoints or random movement)
(@CGUID+27, 49552, 36, 1, 1, -63.6059, -862.7864, 202.7301, 4.607669, 7200, 0, 0), -- Vanessa's Rope Anchor (Area: 0)
(@CGUID+28, 49552, 36, 1, 1, -64.21702, -866.1823, 195.3946, 4.607669, 7200, 0, 0), -- Vanessa's Rope Anchor (Area: 0)
(@CGUID+29, 49552, 36, 1, 1, -69.15452, -868.9636, 195.2482, 4.607669, 7200, 0, 0), -- Vanessa's Rope Anchor (Area: 0)
(@CGUID+30, 49552, 36, 1, 1, -71.11459, -868.4636, 200.7708, 4.607669, 7200, 0, 0), -- Vanessa's Rope Anchor (Area: 0)
(@CGUID+31, 49552, 36, 1, 1, -74.29688, -877.1007, 195.0443, 4.607669, 7200, 0, 0), -- Vanessa's Rope Anchor (Area: 0)
(@CGUID+32, 48266, 36, 1, 1, -82.3142, -775.5, 26.89333, 1.727876, 7200, 0, 0), -- Defias Cannon (Area: 0) (possible waypoints or random movement)
(@CGUID+33, 47404, 36, 1, 1, -229.724, -590.3715, 19.3898, 0.715585, 7200, 0, 0), -- Defias Watcher (Area: 0) (possible waypoints or random movement)
(@CGUID+34, 48229, 36, 1, 1, -116.497, -420.271, 56.89433, 0.9075712, 7200, 0, 0), -- Kobold Digger (Area: 0)
(@CGUID+35, 48284, 36, 1, 1, -117.422, -412.74, 58.52193, 0, 7200, 0, 0), -- Mining Powder (Area: 0)
(@CGUID+36, 48229, 36, 1, 1, -108.866, -426.997, 55.55853, 1.343904, 7200, 0, 0), -- Kobold Digger (Area: 0)
(@CGUID+37, 48284, 36, 1, 1, -123.663, -395.759, 58.44543, 0, 7200, 0, 0), -- Mining Powder (Area: 0)
(@CGUID+38, 48229, 36, 1, 1, -149.2691, -405.8733, 57.492, 3.281219, 7200, 0, 0), -- Kobold Digger (Area: 0) (possible waypoints or random movement)
(@CGUID+39, 48284, 36, 1, 1, -137.8663, -413.4028, 58.77196, 0, 7200, 0, 0), -- Mining Powder (Area: 0)
(@CGUID+40, 48229, 36, 1, 1, -156.2813, -402.2587, 56.83122, 4.712389, 7200, 0, 0), -- Kobold Digger (Area: 0) (possible waypoints or random movement)
(@CGUID+41, 48229, 36, 1, 1, -112.92, -445.181, 55.62133, 5.393067, 7200, 0, 0), -- Kobold Digger (Area: 0)
(@CGUID+42, 48229, 36, 1, 1, -126.455, -441.102, 55.52733, 4.433136, 7200, 0, 0), -- Kobold Digger (Area: 0)
(@CGUID+43, 4075, 36, 1, 1, -118.4969, -415.2892, 58.11641, 2.024032, 7200, 0, 0), -- Rat (Area: 0)
(@CGUID+44, 48229, 36, 1, 1, -168.2535, -396.3125, 57.57815, 2.844887, 7200, 0, 0), -- Kobold Digger (Area: 0) (possible waypoints or random movement)
(@CGUID+45, 48229, 36, 1, 1, -161.342, -394.6337, 57.27974, 1.692969, 7200, 0, 0), -- Kobold Digger (Area: 0) (possible waypoints or random movement)
(@CGUID+46, 48229, 36, 1, 1, -151.4722, -396.1979, 56.97473, 1.902409, 7200, 0, 0), -- Kobold Digger (Area: 0) (possible waypoints or random movement)
(@CGUID+47, 48284, 36, 1, 1, -142.6979, -398.7153, 57.98805, 0, 7200, 0, 0), -- Mining Powder (Area: 0)
(@CGUID+48, 48284, 36, 1, 1, -168.455, -396.632, 57.56803, 0, 7200, 0, 0), -- Mining Powder (Area: 0)
(@CGUID+49, 48229, 36, 1, 1, -144.4861, -398.7049, 57.68261, 1.64061, 7200, 0, 0), -- Kobold Digger (Area: 0) (possible waypoints or random movement)
(@CGUID+50, 4075, 36, 1, 1, -186.0462, -426.0557, 53.99179, 3.433048, 7200, 0, 0), -- Rat (Area: 0)
(@CGUID+51, 47242, 36, 1, 1, -175.0863, -439.2159, 55.01705, 4.119221, 7200, 0, 0), -- General Purpose Bunny JMF (Look 2) (Area: 0) (possible waypoints or random movement)
(@CGUID+52, 47242, 36, 1, 1, -178.8307, -427.3794, 63.64943, 2.351002, 7200, 0, 0), -- General Purpose Bunny JMF (Look 2) (Area: 0) (possible waypoints or random movement)
(@CGUID+53, 47282, 36, 1, 1, -181.7656, -416.9757, 54.75943, 0, 7200, 0, 0), -- Fire Blossom Bunny (Area: 0)
(@CGUID+54, 48284, 36, 1, 1, -179.148, -425.917, 55.03433, 0, 7200, 0, 0), -- Mining Powder (Area: 0)
(@CGUID+55, 47282, 36, 1, 1, -183.901, -430.757, 54.28753, 0, 7200, 0, 0), -- Fire Blossom Bunny (Area: 0)
(@CGUID+56, 47282, 36, 1, 1, -189.0608, -422.3871, 54.19553, 0, 7200, 0, 0), -- Fire Blossom Bunny (Area: 0)
(@CGUID+57, 47284, 36, 1, 1, -181.1267, -423.8195, 54.84613, 0, 7200, 0, 0), -- Frost Blossom Bunny (Area: 0)
(@CGUID+58, 47282, 36, 1, 1, -180.2517, -437.9427, 54.78763, 0, 7200, 0, 0), -- Fire Blossom Bunny (Area: 0)
(@CGUID+59, 47284, 36, 1, 1, -176.099, -431.2413, 55.20924, 0, 7200, 0, 0), -- Frost Blossom Bunny (Area: 0)
(@CGUID+60, 45979, 36, 1, 1, -179.307, -415.161, 55.01993, 0, 7200, 0, 0), -- General Purpose Bunny JMF (Area: 0)
(@CGUID+61, 48262, 36, 1, 1, -185.094, -428.71, 54.15053, 2.548181, 7200, 0, 0), -- Ogre Bodyguard (Area: 0) (possible waypoints or random movement)
(@CGUID+62, 48262, 36, 1, 1, -190.826, -425.172, 54.10973, 5.899213, 7200, 0, 0), -- Ogre Bodyguard (Area: 0) (possible waypoints or random movement)
(@CGUID+63, 47242, 36, 1, 1, -208.9715, -433.055, 65.18623, 1.326126, 7200, 0, 0), -- General Purpose Bunny JMF (Look 2) (Area: 0) (possible waypoints or random movement)
(@CGUID+64, 47242, 36, 1, 1, -190.0774, -449.9595, 65.28764, 1.326129, 7200, 0, 0), -- General Purpose Bunny JMF (Look 2) (Area: 0) (possible waypoints or random movement)
(@CGUID+65, 47284, 36, 1, 1, -181.0122, -456.1945, 54.77313, 0, 7200, 0, 0), -- Frost Blossom Bunny (Area: 0)
(@CGUID+66, 47284, 36, 1, 1, -195.9236, -436.6458, 53.42483, 0, 7200, 0, 0), -- Frost Blossom Bunny (Area: 0)
(@CGUID+67, 45979, 36, 1, 1, -194.4757, -433.9306, 53.52733, 4.852015, 7200, 0, 0), -- General Purpose Bunny JMF (Area: 0)
(@CGUID+68, 47284, 36, 1, 1, -183.6076, -446.2066, 54.83573, 0, 7200, 0, 0), -- Frost Blossom Bunny (Area: 0)
(@CGUID+69, 45979, 36, 1, 1, -193.2691, -442.0156, 53.71243, 1.692969, 7200, 0, 0), -- General Purpose Bunny JMF (Area: 0)
(@CGUID+70, 47282, 36, 1, 1, -203.3906, -431.1389, 54.43893, 0, 7200, 0, 0), -- Fire Blossom Bunny (Area: 0)
(@CGUID+71, 47284, 36, 1, 1, -196.9479, -427.533, 54.27064, 0, 7200, 0, 0), -- Frost Blossom Bunny (Area: 0)
(@CGUID+72, 47282, 36, 1, 1, -190.3472, -431.7639, 53.76943, 0, 7200, 0, 0), -- Fire Blossom Bunny (Area: 0)
(@CGUID+73, 47284, 36, 1, 1, -187.7188, -440.2847, 53.55913, 0, 7200, 0, 0), -- Frost Blossom Bunny (Area: 0)
(@CGUID+74, 47677, 36, 1, 1, -193.3576, -442.0313, 53.71683, 1.692969, 7200, 0, 0), -- General Purpose Bunny JMF (Look 3) (Area: 0)
(@CGUID+75, 47284, 36, 1, 1, -200.8802, -440.7726, 53.44453, 0, 7200, 0, 0), -- Frost Blossom Bunny (Area: 0)
(@CGUID+76, 47242, 36, 1, 1, -189.983, -439.3621, 65.26014, 1.368266, 7200, 0, 0), -- General Purpose Bunny JMF (Look 2) (Area: 0) (possible waypoints or random movement)
(@CGUID+77, 47282, 36, 1, 1, -193.6944, -445.6736, 54.22083, 0, 7200, 0, 0), -- Fire Blossom Bunny (Area: 0)
(@CGUID+78, 47282, 36, 1, 1, -188.7569, -452.1458, 54.57014, 0, 7200, 0, 0), -- Fire Blossom Bunny (Area: 0)
(@CGUID+79, 47284, 36, 1, 1, -203.0434, -448.5625, 54.10133, 0, 7200, 0, 0), -- Frost Blossom Bunny (Area: 0)
(@CGUID+80, 47284, 36, 1, 1, -201.2726, -462.5313, 54.36553, 0, 7200, 0, 0), -- Frost Blossom Bunny (Area: 0)
(@CGUID+81, 47284, 36, 1, 1, -207.4792, -441.5156, 54.05593, 0, 7200, 0, 0), -- Frost Blossom Bunny (Area: 0)
(@CGUID+82, 47282, 36, 1, 1, -214.5434, -441.151, 54.66173, 0, 7200, 0, 0), -- Fire Blossom Bunny (Area: 0)
(@CGUID+83, 47284, 36, 1, 1, -197.2222, -453.6215, 54.89573, 0, 7200, 0, 0), -- Frost Blossom Bunny (Area: 0)
(@CGUID+84, 47242, 36, 1, 1, -209.6404, -447.6285, 65.39354, 6.27958, 7200, 0, 0), -- General Purpose Bunny JMF (Look 2) (Area: 0) (possible waypoints or random movement)
(@CGUID+85, 47282, 36, 1, 1, -204.9931, -456.0903, 54.28944, 0, 7200, 0, 0), -- Fire Blossom Bunny (Area: 0)
(@CGUID+86, 47242, 36, 1, 1, -198.4934, -458.0069, 65.20963, 0.9894093, 7200, 0, 0), -- General Purpose Bunny JMF (Look 2) (Area: 0) (possible waypoints or random movement)
(@CGUID+87, 47242, 36, 1, 1, -198.3551, -448.2857, 59.50373, 1.163944, 7200, 0, 0), -- General Purpose Bunny JMF (Look 2) (Area: 0) (possible waypoints or random movement)
(@CGUID+88, 43778, 36, 1, 1, -209.8368, -568.6215, 21.06013, 1.972222, 7200, 0, 0), -- Foe Reaper 5000 (Area: 0) (possible waypoints or random movement)
(@CGUID+89, 48266, 36, 1, 1, -89.25694, -782.5278, 17.25636, 1.553343, 7200, 0, 0), -- Defias Cannon (Area: 0) (possible waypoints or random movement)
(@CGUID+90, 48266, 36, 1, 1, -72.1059, -786.894, 39.55383, 1.64061, 7200, 0, 0), -- Defias Cannon (Area: 0) (possible waypoints or random movement)
(@CGUID+91, 48266, 36, 1, 1, -46.81424, -783.1996, 18.49328, 1.169371, 7200, 0, 0), -- Defias Cannon (Area: 0) (possible waypoints or random movement)
(@CGUID+92, 48266, 36, 1, 1, -58.6424, -787.132, 39.35053, 1.396263, 7200, 0, 0), -- Defias Cannon (Area: 0) (possible waypoints or random movement)
(@CGUID+93, 47282, 36, 1, 1, -211.0625, -463.7135, 54.01873, 0, 7200, 0, 0), -- Fire Blossom Bunny (Area: 0)
(@CGUID+94, 48441, 36, 1, 1, -178.653, -491.51, 54.40033, 6.230825, 7200, 0, 0), -- Mining Monkey (Area: 0) (possible waypoints or random movement)
(@CGUID+95, 48284, 36, 1, 1, -182.821, -485.785, 54.13213, 0, 7200, 0, 0), -- Mining Powder (Area: 0)
(@CGUID+96, 48279, 36, 1, 1, -180.7778, -491.4045, 54.2247, 6.248279, 7200, 0, 0), -- Goblin Overseer (Area: 0) (possible waypoints or random movement)
(@CGUID+97, 48279, 36, 1, 1, -194.712, -491.557, 53.70483, 3.036873, 7200, 0, 0), -- Goblin Overseer (Area: 0) (possible waypoints or random movement)
(@CGUID+98, 48278, 36, 1, 1, -197.111, -491.161, 54.00533, 3.281219, 7200, 0, 0), -- Mining Monkey (Area: 0) (possible waypoints or random movement)
(@CGUID+99, 48441, 36, 1, 1, -204.576, -500.977, 52.41693, 1.308997, 7200, 0, 0), -- Mining Monkey (Area: 0) (possible waypoints or random movement)
(@CGUID+100, 48442, 36, 1, 1, -220.377, -485.104, 49.33203, 1.012291, 7200, 0, 0), -- Mining Monkey (Area: 0) (possible waypoints or random movement)
(@CGUID+101, 48284, 36, 1, 1, -228.181, -491.986, 48.78503, 0, 7200, 0, 0), -- Mining Powder (Area: 0)
(@CGUID+102, 48284, 36, 1, 1, -213.526, -496.0174, 49.79369, 0, 7200, 0, 0), -- Mining Powder (Area: 0)
(@CGUID+103, 48284, 36, 1, 1, -192.785, -495.118, 53.56623, 0, 7200, 0, 0), -- Mining Powder (Area: 0)
(@CGUID+104, 48442, 36, 1, 1, -182.979, -503.938, 53.55923, 4.834562, 7200, 0, 0), -- Mining Monkey (Area: 0) (possible waypoints or random movement)
(@CGUID+105, 48279, 36, 1, 1, -222.8681, -484.7049, 48.86404, 0.2268928, 7200, 0, 0), -- Goblin Overseer (Area: 0) (possible waypoints or random movement)
(@CGUID+106, 48279, 36, 1, 1, -234.918, -487.356, 48.57053, 3.804818, 7200, 0, 0), -- Goblin Overseer (Area: 0) (possible waypoints or random movement)
(@CGUID+107, 48440, 36, 1, 1, -193.194, -507.111, 53.27973, 5.340707, 7200, 0, 0), -- Mining Monkey (Area: 0) (possible waypoints or random movement)
(@CGUID+108, 48442, 36, 1, 1, -157.344, -507.266, 53.52063, 0.6457718, 7200, 0, 0), -- Mining Monkey (Area: 0) (possible waypoints or random movement)
(@CGUID+109, 48279, 36, 1, 1, -159.293, -507.467, 53.40303, 0.2268928, 7200, 0, 0), -- Goblin Overseer (Area: 0) (possible waypoints or random movement)
(@CGUID+110, 48442, 36, 1, 1, -220.229, -503.561, 50.35073, 3.298672, 7200, 0, 0), -- Mining Monkey (Area: 0) (possible waypoints or random movement)
(@CGUID+111, 48440, 36, 1, 1, -168.326, -510.337, 53.55633, 4.712389, 7200, 0, 0), -- Mining Monkey (Area: 0) (possible waypoints or random movement)
(@CGUID+112, 48440, 36, 1, 1, -236.847, -489.092, 49.94863, 4.39823, 7200, 0, 0), -- Mining Monkey (Area: 0) (possible waypoints or random movement)
(@CGUID+113, 48284, 36, 1, 1, -249.444, -492.528, 49.22083, 0, 7200, 0, 0), -- Mining Powder (Area: 0)
(@CGUID+114, 48284, 36, 1, 1, -206.377, -511.821, 51.61583, 0, 7200, 0, 0), -- Mining Powder (Area: 0)
(@CGUID+115, 48445, 36, 1, 1, -258.4514, -482.1701, 49.53112, 6.195919, 7200, 0, 0), -- Oaf Lackey (Area: 0) (possible waypoints or random movement)
(@CGUID+116, 48440, 36, 1, 1, -211.255, -512.712, 50.90503, 5.235988, 7200, 0, 0), -- Mining Monkey (Area: 0) (possible waypoints or random movement)
(@CGUID+117, 48279, 36, 1, 1, -151.997, -518.648, 52.77413, 0.5934119, 7200, 0, 0), -- Goblin Overseer (Area: 0) (possible waypoints or random movement)
(@CGUID+118, 48279, 36, 1, 1, -156.708, -519.698, 52.53343, 3.996804, 7200, 0, 0), -- Goblin Overseer (Area: 0) (possible waypoints or random movement)
(@CGUID+119, 48278, 36, 1, 1, -150.635, -518.189, 52.99363, 0.7679449, 7200, 0, 0), -- Mining Monkey (Area: 0)
(@CGUID+120, 48440, 36, 1, 1, -157.717, -520.205, 52.49503, 2.303835, 7200, 0, 0), -- Mining Monkey (Area: 0)
(@CGUID+121, 48266, 36, 1, 1, -30.2622, -793.069, 19.23703, 0.8028514, 7200, 0, 0), -- Defias Cannon (Area: 0) (possible waypoints or random movement)
(@CGUID+122, 48266, 36, 1, 1, -40.0035, -793.302, 39.47543, 1.047198, 7200, 0, 0), -- Defias Cannon (Area: 0) (possible waypoints or random movement)
(@CGUID+123, 48284, 36, 1, 1, -149.915, -524.575, 52.22053, 0, 7200, 0, 0), -- Mining Powder (Area: 0)
(@CGUID+124, 48284, 36, 1, 1, -149.052, -523.596, 52.48153, 0, 7200, 0, 0), -- Mining Powder (Area: 0)
(@CGUID+125, 48284, 36, 1, 1, -154.483, -532.689, 49.80823, 0, 7200, 0, 0), -- Mining Powder (Area: 0)
(@CGUID+126, 48442, 36, 1, 1, -154.549, -530.686, 49.84943, 3.717551, 7200, 0, 0), -- Mining Monkey (Area: 0)
(@CGUID+127, 48284, 36, 1, 1, -158.8, -531.5, 52.45723, 0, 7200, 0, 0), -- Mining Powder (Area: 0)
(@CGUID+128, 48284, 36, 1, 1, -146.592, -528.896, 52.02183, 0, 7200, 0, 0), -- Mining Powder (Area: 0)
(@CGUID+129, 48284, 36, 1, 1, -158.859, -533.128, 52.41903, 0, 7200, 0, 0), -- Mining Powder (Area: 0)
(@CGUID+130, 48284, 36, 1, 1, -153.231, -532.743, 49.64743, 0, 7200, 0, 0), -- Mining Powder (Area: 0)
(@CGUID+131, 48279, 36, 1, 1, -153.231, -531.007, 49.74493, 3.176499, 7200, 0, 0), -- Goblin Overseer (Area: 0) (possible waypoints or random movement)
(@CGUID+132, 48441, 36, 1, 1, -159.908, -529.783, 52.32883, 3.01942, 7200, 0, 0), -- Mining Monkey (Area: 0)
(@CGUID+133, 48284, 36, 1, 1, -153.854, -533.601, 49.66083, 0, 7200, 0, 0), -- Mining Powder (Area: 0)
(@CGUID+134, 48284, 36, 1, 1, -149.479, -533.724, 49.70473, 0, 7200, 0, 0), -- Mining Powder (Area: 0)
(@CGUID+135, 48284, 36, 1, 1, -150.373, -533.181, 49.61183, 0, 7200, 0, 0), -- Mining Powder (Area: 0)
(@CGUID+136, 48442, 36, 1, 1, -147.781, -532.668, 50.38663, 5.8294, 7200, 0, 0), -- Mining Monkey (Area: 0)
(@CGUID+137, 48284, 36, 1, 1, -275.771, -502.406, 50.08163, 0, 7200, 0, 0), -- Mining Powder (Area: 0)
(@CGUID+138, 48439, 36, 1, 1, -180.8073, -561.8715, 51.31293, 0.5061455, 7200, 0, 0), -- Goblin Engineer (Area: 0)
(@CGUID+139, 48280, 36, 1, 1, -206.7535, -554.3004, 51.31293, 5.131268, 7200, 0, 0), -- Goblin Craftsman (Area: 0)
(@CGUID+140, 48280, 36, 1, 1, -185.151, -559.092, 19.38983, 3.071779, 7200, 0, 0), -- Goblin Craftsman (Area: 0)
(@CGUID+141, 47242, 36, 1, 1, -205.1997, -561.3542, 21.06013, 0, 7200, 0, 0), -- General Purpose Bunny JMF (Look 2) (Area: 0)
(@CGUID+142, 48439, 36, 1, 1, -205.5781, -561.9462, 21.06013, 1.37881, 7200, 0, 0), -- Goblin Engineer (Area: 0)
(@CGUID+143, 48439, 36, 1, 1, -228.8385, -561.6007, 51.31293, 3.455752, 7200, 0, 0), -- Goblin Engineer (Area: 0)
(@CGUID+144, 48439, 36, 1, 1, -211.7066, -561.7882, 21.06013, 6.143559, 7200, 0, 0), -- Goblin Engineer (Area: 0)
(@CGUID+145, 47242, 36, 1, 1, -200.0295, -565.434, 21.06013, 0, 7200, 0, 0), -- General Purpose Bunny JMF (Look 2) (Area: 0)
(@CGUID+146, 45979, 36, 1, 1, -211.7708, -564.9583, 21.06013, 1.867502, 7200, 0, 0), -- General Purpose Bunny JMF (Area: 0)
(@CGUID+147, 48280, 36, 1, 1, -182.8715, -574.3906, 48.22303, 3.647738, 7200, 0, 0), -- Goblin Craftsman (Area: 0)
(@CGUID+148, 48439, 36, 1, 1, -222.3194, -561.1059, 19.38983, 2.356194, 7200, 0, 0), -- Goblin Engineer (Area: 0)
(@CGUID+149, 47242, 36, 1, 1, -208.5521, -568.1215, 25.20743, 0, 7200, 0, 0), -- General Purpose Bunny JMF (Look 2) (Area: 0)
(@CGUID+150, 47242, 36, 1, 1, -206.1632, -568.8489, 24.63523, 0, 7200, 0, 0), -- General Purpose Bunny JMF (Look 2) (Area: 0)
(@CGUID+151, 47242, 36, 1, 1, -208.2587, -567.2917, 21.06013, 0, 7200, 0, 0), -- General Purpose Bunny JMF (Look 2) (Area: 0)
(@CGUID+152, 47242, 36, 1, 1, -209.2656, -569.7153, 27.31943, 0, 7200, 0, 0), -- General Purpose Bunny JMF (Look 2) (Area: 0)
(@CGUID+153, 47242, 36, 1, 1, -218.9653, -565.441, 21.06013, 0, 7200, 0, 0), -- General Purpose Bunny JMF (Look 2) (Area: 0)
(@CGUID+154, 47242, 36, 1, 1, -211.8802, -568.4844, 23.04893, 0, 7200, 0, 0), -- General Purpose Bunny JMF (Look 2) (Area: 0)
(@CGUID+155, 48280, 36, 1, 1, -198.2465, -571.0087, 21.06013, 3.525565, 7200, 0, 0), -- Goblin Craftsman (Area: 0)
(@CGUID+156, 47242, 36, 1, 1, -212.1215, -570.3924, 26.43263, 0, 7200, 0, 0), -- General Purpose Bunny JMF (Look 2) (Area: 0)
(@CGUID+157, 47242, 36, 1, 1, -202.276, -571.0608, 21.06013, 0, 7200, 0, 0), -- General Purpose Bunny JMF (Look 2) (Area: 0)
(@CGUID+158, 47242, 36, 1, 1, -216.7934, -571.9722, 21.06013, 0, 7200, 0, 0), -- General Purpose Bunny JMF (Look 2) (Area: 0)
(@CGUID+159, 47242, 36, 1, 1, -208.4913, -576.6979, 27.95013, 0, 7200, 0, 0), -- General Purpose Bunny JMF (Look 2) (Area: 0)
(@CGUID+160, 48280, 36, 1, 1, -223.0885, -575.1111, 21.06013, 3.682645, 7200, 0, 0), -- Goblin Craftsman (Area: 0)
(@CGUID+161, 48280, 36, 1, 1, -235.1337, -569.2188, 19.38983, 5.183628, 7200, 0, 0), -- Goblin Craftsman (Area: 0)
(@CGUID+162, 48280, 36, 1, 1, -216.0504, -578.4496, 21.06013, 0.5934119, 7200, 0, 0), -- Goblin Craftsman (Area: 0)
(@CGUID+163, 45979, 36, 1, 1, -289.5868, -489.5746, 49.91263, 4.712389, 7200, 0, 0), -- General Purpose Bunny JMF (Area: 0)
(@CGUID+164, 48445, 36, 1, 1, -289.375, -501.9254, 50.2008, 4.607669, 7200, 0, 0), -- Oaf Lackey (Area: 0) (possible waypoints or random movement)
(@CGUID+165, 48439, 36, 1, 1, -183.3299, -593.0399, 40.10643, 0.3141593, 7200, 0, 0), -- Goblin Engineer (Area: 0)
(@CGUID+166, 48502, 36, 1, 1, -143.554, -582.24, 18.82373, 2.9147, 7200, 0, 0), -- Defias Enforcer (Area: 0) (possible waypoints or random movement)
(@CGUID+167, 48284, 36, 1, 1, -146.743, -586.997, 18.93603, 0, 7200, 0, 0), -- Mining Powder (Area: 0)
(@CGUID+168, 48417, 36, 1, 1, -139.8073, -575.507, 18.88991, 3.106686, 7200, 0, 0), -- Defias Blood Wizard (Area: 0) (possible waypoints or random movement)
(@CGUID+169, 48280, 36, 1, 1, -203, -589.4427, 21.06013, 4.014257, 7200, 0, 0), -- Goblin Craftsman (Area: 0)
(@CGUID+170, 48502, 36, 1, 1, -144.295, -575.267, 19.13053, 3.403392, 7200, 0, 0), -- Defias Enforcer (Area: 0) (possible waypoints or random movement)
(@CGUID+171, 48417, 36, 1, 1, -139.2622, -580.5938, 18.53285, 3.106686, 7200, 0, 0), -- Defias Blood Wizard (Area: 0) (possible waypoints or random movement)
(@CGUID+172, 48284, 36, 1, 1, -127.288, -599.422, 16.89033, 0, 7200, 0, 0), -- Mining Powder (Area: 0)
(@CGUID+173, 48439, 36, 1, 1, -214.3663, -587.1528, 21.06013, 6.248279, 7200, 0, 0), -- Goblin Engineer (Area: 0)
(@CGUID+174, 45979, 36, 1, 1, -219.9045, -585.3351, 21.06016, 0, 7200, 0, 0), -- General Purpose Bunny JMF (Area: 0)
(@CGUID+175, 48280, 36, 1, 1, -195.8906, -600.5208, 33.98453, 1.396263, 7200, 0, 0), -- Goblin Craftsman (Area: 0)
(@CGUID+318, 48420, 36, 1, 1, -260.2014, -571.132, 50.86203, 1.867502, 7200, 0, 0), -- Defias Digger (Area: 0) (possible waypoints or random movement)
(@CGUID+319, 45979, 36, 1, 1, -289.809, -527.2153, 49.80213, 1.623156, 7200, 0, 0), -- General Purpose Bunny JMF (Area: 0)
(@CGUID+320, 45979, 36, 1, 1, -289.1597, -505.1545, 50.09933, 0, 7200, 0, 0), -- General Purpose Bunny JMF (Area: 0)
(@CGUID+321, 48445, 36, 1, 1, -289.2934, -505.3385, 50.09231, 1.53589, 7200, 0, 0), -- Oaf Lackey (Area: 0) (possible waypoints or random movement)
(@CGUID+322, 48284, 36, 1, 1, -276.222, -579.795, 50.42633, 0, 7200, 0, 0), -- Mining Powder (Area: 0)
(@CGUID+323, 48419, 36, 1, 1, -282.7795, -557.5469, 49.37153, 6.230825, 7200, 0, 0), -- Defias Miner (Area: 0) (possible waypoints or random movement)
(@CGUID+324, 48284, 36, 1, 1, -296.9201, -560.7552, 49.43071, 0, 7200, 0, 0), -- Mining Powder (Area: 0)
(@CGUID+325, 48419, 36, 1, 1, -267.2205, -573.1736, 50.76123, 1.972222, 7200, 0, 0), -- Defias Miner (Area: 0) (possible waypoints or random movement)
(@CGUID+326, 48284, 36, 1, 1, -284.227, -550.545, 49.53033, 0, 7200, 0, 0), -- Mining Powder (Area: 0)
(@CGUID+327, 48418, 36, 1, 1, -289.5885, -562.243, 49.01513, 6.003932, 7200, 0, 0), -- Defias Envoker (Area: 0) (possible waypoints or random movement)
(@CGUID+328, 48419, 36, 1, 1, -285.4045, -567.7361, 49.41703, 6.003932, 7200, 0, 0), -- Defias Miner (Area: 0) (possible waypoints or random movement)
(@CGUID+329, 48284, 36, 1, 1, -250.729, -584.616, 51.22783, 0, 7200, 0, 0), -- Mining Powder (Area: 0)
(@CGUID+330, 48439, 36, 1, 1, -234.0885, -587.4722, 19.38983, 3.595378, 7200, 0, 0), -- Goblin Engineer (Area: 0)
(@CGUID+331, 48280, 36, 1, 1, -217.9497, -598.4254, 23.31133, 2.024582, 7200, 0, 0), -- Goblin Craftsman (Area: 0)
(@CGUID+332, 48284, 36, 1, 1, -302.448, -504.391, 49.54123, 0, 7200, 0, 0), -- Mining Powder (Area: 0)
(@CGUID+333, 4075, 36, 1, 1, -292.2289, -557.233, 48.85712, 2.140909, 7200, 0, 0), -- Rat (Area: 0)
(@CGUID+334, 4075, 36, 1, 1, -176.5866, -428.7362, 54.9092, 2.391101, 7200, 0, 0), -- Rat (Area: 0)
(@CGUID+335, 48284, 36, 1, 1, -297.9306, -587.6702, 48.31031, 0, 7200, 0, 0), -- Mining Powder (Area: 0)
(@CGUID+336, 48420, 36, 1, 1, -295.6389, -592.243, 49.30576, 1.239184, 7200, 0, 0), -- Defias Digger (Area: 0) (possible waypoints or random movement)
(@CGUID+337, 48420, 36, 1, 1, -310.8767, -588.3924, 48.42021, 1.675516, 7200, 0, 0), -- Defias Digger (Area: 0) (possible waypoints or random movement)
(@CGUID+338, 48421, 36, 1, 1, -307.7448, -606.8386, 48.02074, 4.206244, 7200, 0, 0), -- Defias Overseer (Area: 0)
(@CGUID+339, 48284, 36, 1, 1, -309.0469, -599.3316, 48.31916, 0, 7200, 0, 0), -- Mining Powder (Area: 0)
(@CGUID+340, 48420, 36, 1, 1, -312.842, -595.4167, 48.6128, 3.717551, 7200, 0, 0), -- Defias Digger (Area: 0) (possible waypoints or random movement)
(@CGUID+341, 48419, 36, 1, 1, -293.1337, -607.7639, 47.71781, 3.909538, 7200, 0, 0), -- Defias Miner (Area: 0) (possible waypoints or random movement)
(@CGUID+342, 48418, 36, 1, 1, -312.0383, -593.0836, 48.29668, 2.881687, 7200, 0, 0), -- Defias Envoker (Area: 0) (possible waypoints or random movement)
(@CGUID+343, 48418, 36, 1, 1, -297.1141, -594.7499, 48.30822, 0.3241625, 7200, 0, 0), -- Defias Envoker (Area: 0) (possible waypoints or random movement)
(@CGUID+344, 48419, 36, 1, 1, -276.4913, -594.5555, 51.67675, 5.427974, 7200, 0, 0), -- Defias Miner (Area: 0) (possible waypoints or random movement)
(@CGUID+345, 48421, 36, 1, 1, -306.5399, -607.9757, 47.79, 3.560472, 7200, 0, 0), -- Defias Overseer (Area: 0)
(@CGUID+346, 49139, 36, 1, 1, -283.8438, -503.3698, 60.512, 1.902409, 7200, 0, 0), -- Helix' Crew (Area: 0)
(@CGUID+347, 49138, 36, 1, 1, -285.8681, -503.8264, 60.55348, 5.009095, 7200, 0, 0), -- Helix' Crew (Area: 0)
(@CGUID+348, 49136, 36, 1, 1, -292.6788, -503.7274, 60.27357, 4.468043, 7200, 0, 0), -- Helix' Crew (Area: 0)
(@CGUID+349, 49137, 36, 1, 1, -289.8316, -503.4063, 60.36356, 1.815142, 7200, 0, 0), -- Helix' Crew (Area: 0)
(@CGUID+350, 51462, 36, 1, 1, -291.0121, -482.4896, 49.88789, 3.525565, 7200, 0, 0), -- Mine Rat (Area: 0)
(@CGUID+351, 51462, 36, 1, 1, -290.4479, -484.3281, 49.88789, 3.525565, 7200, 0, 0), -- Mine Rat (Area: 0)
(@CGUID+352, 51462, 36, 1, 1, -288.9879, -483.2014, 49.88789, 3.525565, 7200, 0, 0), -- Mine Rat (Area: 0)
(@CGUID+353, 51462, 36, 1, 1, -293.7865, -483.8195, 49.15963, 3.525565, 7200, 0, 0), -- Mine Rat (Area: 0)
(@CGUID+354, 51462, 36, 1, 1, -286.9445, -482.9653, 49.88789, 3.525565, 7200, 0, 0), -- Mine Rat (Area: 0)
(@CGUID+355, 51462, 36, 1, 1, -288.1649, -484.8108, 49.88789, 3.525565, 7200, 0, 0), -- Mine Rat (Area: 0)
(@CGUID+356, 51462, 36, 1, 1, -289.6719, -487.2222, 49.88789, 3.525565, 7200, 0, 0), -- Mine Rat (Area: 0)
(@CGUID+357, 51462, 36, 1, 1, -291.9896, -486.2604, 49.88789, 3.525565, 7200, 0, 0), -- Mine Rat (Area: 0)
(@CGUID+358, 51462, 36, 1, 1, -290.9045, -486.4931, 49.88789, 3.525565, 7200, 0, 0), -- Mine Rat (Area: 0)
(@CGUID+359, 49137, 36, 1, 1, -282.2639, -503.8333, 60.60244, 5.201081, 7200, 0, 0), -- Helix' Crew (Area: 0)
(@CGUID+360, 49136, 36, 1, 1, -287.474, -503.2708, 60.44886, 1.675516, 7200, 0, 0), -- Helix' Crew (Area: 0)
(@CGUID+361, 49139, 36, 1, 1, -291.0781, -504.0938, 60.25187, 4.607669, 7200, 0, 0), -- Helix' Crew (Area: 0)
(@CGUID+362, 49138, 36, 1, 1, -294.1632, -503.2326, 60.1258, 1.867502, 7200, 0, 0), -- Helix' Crew (Area: 0)
(@CGUID+363, 48280, 36, 1, 1, -206.1771, -608.375, 29.09384, 3.490659, 7200, 0, 0), -- Goblin Craftsman (Area: 0)
(@CGUID+364, 48439, 36, 1, 1, -207.7934, -550.9514, 51.31293, 3.525565, 7200, 0, 0), -- Goblin Engineer (Area: 0) (possible waypoints or random movement)
(@CGUID+365, 48280, 36, 1, 1, -212.6719, -550.0243, 51.31293, 3.787364, 7200, 0, 0), -- Goblin Craftsman (Area: 0) (possible waypoints or random movement)
(@CGUID+366, 48439, 36, 1, 1, -225.4444, -566.316, 51.31293, 3.961897, 7200, 0, 0), -- Goblin Engineer (Area: 0) (possible waypoints or random movement)
(@CGUID+367, 48280, 36, 1, 1, -234.0347, -587.6945, 51.32703, 1.64061, 7200, 0, 0), -- Goblin Craftsman (Area: 0) (possible waypoints or random movement)
(@CGUID+368, 48505, 36, 1, 1, -135.9931, -620.5208, 14.49433, 1.361357, 7200, 0, 0), -- Defias Shadowguard (Area: 0) (possible waypoints or random movement)
(@CGUID+369, 48284, 36, 1, 1, -136.859, -630.3, 14.86513, 0, 7200, 0, 0), -- Mining Powder (Area: 0)
(@CGUID+370, 48502, 36, 1, 1, -127.3073, -615.0139, 13.82065, 1.937315, 7200, 0, 0), -- Defias Enforcer (Area: 0) (possible waypoints or random movement)
(@CGUID+371, 48417, 36, 1, 1, -128.5642, -620.5313, 12.94842, 1.762783, 7200, 0, 0), -- Defias Blood Wizard (Area: 0) (possible waypoints or random movement)
(@CGUID+372, 48502, 36, 1, 1, -131.2222, -615.5469, 13.46481, 1.762783, 7200, 0, 0), -- Defias Enforcer (Area: 0) (possible waypoints or random movement)
(@CGUID+373, 48284, 36, 1, 1, -109.484, -621.764, 14.72533, 0, 7200, 0, 0), -- Mining Powder (Area: 0)
(@CGUID+374, 48505, 36, 1, 1, -121.0938, -617.8125, 13.93089, 2.635447, 7200, 0, 0), -- Defias Shadowguard (Area: 0) (possible waypoints or random movement)
(@CGUID+375, 4075, 36, 1, 1, -135.928, -631.5826, 14.59272, 2.029979, 7200, 0, 0), -- Rat (Area: 0)
(@CGUID+376, 4075, 36, 1, 1, -263.8906, -583.1023, 50.68234, 5.87236, 7200, 0, 0), -- Rat (Area: 0)
(@CGUID+377, 45979, 36, 1, 1, -106.967, -660.372, 7.505134, 0, 7200, 0, 0), -- General Purpose Bunny JMF (Area: 0)
(@CGUID+378, 48284, 36, 1, 1, -96.1215, -662.59, 7.496774, 0, 7200, 0, 0), -- Mining Powder (Area: 0)
(@CGUID+379, 48447, 36, 1, 1, -97.15555, -690.9899, 16.55914, 0.5472363, 7200, 0, 0), -- Monstrous Parrot (Area: 0) (possible waypoints or random movement)
(@CGUID+380, 48446, 36, 1, 1, -100.849, -703.773, 9.294073, 0, 7200, 0, 0), -- Scorch Mark Bunny JMF (Area: 0)
(@CGUID+381, 45979, 36, 1, 1, -100.849, -703.773, 9.294073, 0, 7200, 0, 0), -- General Purpose Bunny JMF (Area: 0)
(@CGUID+382, 48447, 36, 1, 1, -99.80385, -711.6337, 20.7427, 0.1884094, 7200, 0, 0), -- Monstrous Parrot (Area: 0) (possible waypoints or random movement)
(@CGUID+383, 48446, 36, 1, 1, -88.4253, -724.722, 8.675033, 0, 7200, 0, 0), -- Scorch Mark Bunny JMF (Area: 0)
(@CGUID+384, 45979, 36, 1, 1, -88.4253, -724.722, 8.675033, 0, 7200, 0, 0), -- General Purpose Bunny JMF (Area: 0)
(@CGUID+385, 48447, 36, 1, 1, -41.88425, -721.276, 20.88148, 0.479264, 7200, 0, 0), -- Monstrous Parrot (Area: 0) (possible waypoints or random movement)
(@CGUID+386, 48446, 36, 1, 1, -72.559, -731.221, 8.586903, 0, 7200, 0, 0), -- Scorch Mark Bunny JMF (Area: 0)
(@CGUID+387, 45979, 36, 1, 1, -49.3264, -730.056, 9.320483, 0, 7200, 0, 0), -- General Purpose Bunny JMF (Area: 0)
(@CGUID+388, 48447, 36, 1, 1, -55.64786, -731.0026, 16.87419, 4.72502, 7200, 0, 0), -- Monstrous Parrot (Area: 0) (possible waypoints or random movement)
(@CGUID+389, 45979, 36, 1, 1, -72.559, -731.221, 8.586903, 0, 7200, 0, 0), -- General Purpose Bunny JMF (Area: 0)
(@CGUID+390, 48446, 36, 1, 1, -49.3264, -730.056, 9.320483, 0, 7200, 0, 0), -- Scorch Mark Bunny JMF (Area: 0)
(@CGUID+391, 48450, 36, 1, 1, -79.34374, -723.9265, 19.04095, 0.02948481, 7200, 0, 0), -- Sunwing Squawker (Area: 0) (possible waypoints or random movement)
(@CGUID+392, 47626, 36, 1, 1, -66.7813, -837.863, 41.06303, 4.607669, 7200, 0, 0), -- Admiral Ripsnarl (Area: 0) (possible waypoints or random movement)
(@CGUID+393, 48505, 36, 1, 1, -98.4774, -672.389, 7.502654, 1.239184, 7200, 0, 0), -- Defias Shadowguard (Area: 0) (possible waypoints or random movement)
(@CGUID+394, 48417, 36, 1, 1, -100.878, -676.349, 7.499623, 1.780236, 7200, 0, 0), -- Defias Blood Wizard (Area: 0) (possible waypoints or random movement)
(@CGUID+395, 48502, 36, 1, 1, -101.089, -673.014, 7.501654, 1.797689, 7200, 0, 0), -- Defias Enforcer (Area: 0) (possible waypoints or random movement)
(@CGUID+396, 48417, 36, 1, 1, -97.467, -675.726, 7.502423, 1.780236, 7200, 0, 0), -- Defias Blood Wizard (Area: 0) (possible waypoints or random movement)
(@CGUID+397, 45979, 36, 1, 1, -30.6337, -727.731, 8.521023, 0, 7200, 0, 0), -- General Purpose Bunny JMF (Area: 0)
(@CGUID+398, 48446, 36, 1, 1, -30.6337, -727.731, 8.521023, 0, 7200, 0, 0), -- Scorch Mark Bunny JMF (Area: 0)
(@CGUID+399, 48451, 36, 1, 1, -136.896, -767.099, 4.043903, 0.9424778, 7200, 0, 0), -- Ol' Beaky (Area: 0) (possible waypoints or random movement)
(@CGUID+400, 48522, 36, 1, 1, -81.4913, -779.387, 26.79513, 1.797689, 7200, 0, 0), -- Defias Pirate (Area: 0) (possible waypoints or random movement)
(@CGUID+401, 48447, 36, 1, 1, -19.56633, -727.7628, 18.43702, 0.5960214, 7200, 0, 0), -- Monstrous Parrot (Area: 0) (possible waypoints or random movement)
(@CGUID+402, 4075, 36, 1, 1, -75.23913, -778.5317, 17.48409, 0.0352346, 7200, 0, 0), -- Rat (Area: 0)
(@CGUID+403, 45979, 36, 1, 1, -12.0556, -740.252, 9.109463, 0, 7200, 0, 0), -- General Purpose Bunny JMF (Area: 0)
(@CGUID+404, 48446, 36, 1, 1, -12.0556, -740.252, 9.109463, 0, 7200, 0, 0), -- Scorch Mark Bunny JMF (Area: 0)
(@CGUID+405, 48522, 36, 1, 1, -87.74132, -786.2518, 17.31775, 1.762783, 7200, 0, 0), -- Defias Pirate (Area: 0) (possible waypoints or random movement)
(@CGUID+406, 48522, 36, 1, 1, -48.22222, -786.1788, 18.42003, 1.099557, 7200, 0, 0), -- Defias Pirate (Area: 0) (possible waypoints or random movement)
(@CGUID+407, 48450, 36, 1, 1, -5.154763, -753.6686, 17.02661, 3.499498, 7200, 0, 0), -- Sunwing Squawker (Area: 0) (possible waypoints or random movement)
(@CGUID+408, 48521, 36, 1, 1, -89.67709, -786.6146, 17.27533, 1.727876, 7200, 0, 0), -- Defias Squallshaper (Area: 0) (possible waypoints or random movement)
(@CGUID+409, 48521, 36, 1, 1, -42.7743, -784.259, 18.5858, 1.051801, 7200, 0, 0), -- Defias Squallshaper (Area: 0) (possible waypoints or random movement)
(@CGUID+410, 48522, 36, 1, 1, -72.0347, -790.8, 39.33693, 1.780236, 7200, 0, 0), -- Defias Pirate (Area: 0) (possible waypoints or random movement)
(@CGUID+411, 48522, 36, 1, 1, -59.0538, -791.024, 39.18833, 1.37881, 7200, 0, 0), -- Defias Pirate (Area: 0) (possible waypoints or random movement)
(@CGUID+412, 48521, 36, 1, 1, -66.72312, -793.1108, 39.49753, 3.068086, 7200, 0, 0), -- Defias Squallshaper (Area: 0) (possible waypoints or random movement)
(@CGUID+413, 48522, 36, 1, 1, -123.4896, -786.2188, 17.56621, 1.919862, 7200, 0, 0), -- Defias Pirate (Area: 0) (possible waypoints or random movement)
(@CGUID+414, 45979, 36, 1, 1, -64.25521, -820.2448, 41.23743, 0, 7200, 0, 0), -- General Purpose Bunny JMF (Area: 0)
(@CGUID+415, 47677, 36, 1, 1, -63.7604, -820.811, 41.28753, 0, 7200, 0, 0), -- General Purpose Bunny JMF (Look 3) (Area: 0)
(@CGUID+416, 45979, 36, 1, 1, -65.05729, -818.691, 41.15532, 0, 7200, 0, 0), -- General Purpose Bunny JMF (Area: 0)
(@CGUID+417, 48522, 36, 1, 1, -32.6267, -795.549, 19.08903, 0.6981317, 7200, 0, 0), -- Defias Pirate (Area: 0) (possible waypoints or random movement)
(@CGUID+418, 48522, 36, 1, 1, -42.0486, -796.323, 39.42853, 0.9948376, 7200, 0, 0), -- Defias Pirate (Area: 0) (possible waypoints or random movement)
(@CGUID+419, 45979, 36, 1, 1, 0.512153, -768.229, 9.801343, 0, 7200, 0, 0), -- General Purpose Bunny JMF (Area: 0)
(@CGUID+420, 48446, 36, 1, 1, 0.512153, -768.229, 9.801343, 0, 7200, 0, 0), -- Scorch Mark Bunny JMF (Area: 0)
(@CGUID+421, 48447, 36, 1, 1, -1.246923, -779.7975, 21.63169, 2.617049, 7200, 0, 0), -- Monstrous Parrot (Area: 0) (possible waypoints or random movement)
(@CGUID+422, 48522, 36, 1, 1, -19.5833, -832.882, 19.80213, 3.508112, 7200, 0, 0), -- Defias Pirate (Area: 0)
(@CGUID+423, 48521, 36, 1, 1, -22.316, -833.927, 19.64273, 0.1396263, 7200, 0, 0), -- Defias Squallshaper (Area: 0)
(@CGUID+424, 48522, 36, 1, 1, -31.9462, -845.813, 19.17583, 6.178465, 7200, 0, 0), -- Defias Pirate (Area: Ironclad Cove)
(@CGUID+425, 48522, 36, 1, 1, -29.5, -846.29, 19.31063, 3.560472, 7200, 0, 0), -- Defias Pirate (Area: Ironclad Cove)
(@CGUID+426, 48521, 36, 1, 1, -32.0191, -847.84, 19.18763, 0.5585054, 7200, 0, 0), -- Defias Squallshaper (Area: Ironclad Cove)
(@CGUID+427, 48521, 36, 1, 1, -91.2517, -852.661, 17.26573, 5.550147, 7200, 0, 0), -- Defias Squallshaper (Area: Ironclad Cove)
(@CGUID+428, 48521, 36, 1, 1, -89.0278, -854.734, 17.30503, 2.495821, 7200, 0, 0), -- Defias Squallshaper (Area: Ironclad Cove)
(@CGUID+429, 48522, 36, 1, 1, -45.6111, -851.63, 18.56233, 4.799655, 7200, 0, 0), -- Defias Pirate (Area: Ironclad Cove)
(@CGUID+430, 48522, 36, 1, 1, -48.3003, -852.727, 18.45573, 5.393067, 7200, 0, 0), -- Defias Pirate (Area: Ironclad Cove)
(@CGUID+431, 48522, 36, 1, 1, -108.859, -843.837, 17.05493, 5.689773, 7200, 0, 0), -- Defias Pirate (Area: 0)
(@CGUID+432, 48522, 36, 1, 1, -105.021, -843.693, 17.12623, 4.171337, 7200, 0, 0), -- Defias Pirate (Area: 0)
(@CGUID+433, 48521, 36, 1, 1, -124.783, -834.497, 16.92623, 5.986479, 7200, 0, 0), -- Defias Squallshaper (Area: 0)
(@CGUID+434, 48521, 36, 1, 1, -121.389, -832.83, 17.02713, 4.066617, 7200, 0, 0), -- Defias Squallshaper (Area: 0)
(@CGUID+435, 48522, 36, 1, 1, -121.691, -835.438, 16.96713, 2.6529, 7200, 0, 0), -- Defias Pirate (Area: 0)
(@CGUID+436, 48521, 36, 1, 1, -103.72, -846.056, 17.11343, 3.071779, 7200, 0, 0), -- Defias Squallshaper (Area: 0)
(@CGUID+437, 48522, 36, 1, 1, -107.352, -847.233, 17.03343, 1.082104, 7200, 0, 0), -- Defias Pirate (Area: 0)
(@CGUID+438, 47242, 36, 1, 1, -57.3889, -822.721, 41.91503, 3.246312, 7200, 0, 0), -- General Purpose Bunny JMF (Look 2) (Area: 0)
(@CGUID+439, 47242, 36, 1, 1, -56.4115, -827.823, 42.01633, 0, 7200, 0, 0), -- General Purpose Bunny JMF (Look 2) (Area: 0)
(@CGUID+440, 47242, 36, 1, 1, -62.6597, -823.653, 41.40153, 2.059489, 7200, 0, 0), -- General Purpose Bunny JMF (Look 2) (Area: 0)
(@CGUID+441, 47242, 36, 1, 1, -62.6597, -823.653, 41.40153, 2.059489, 7200, 0, 0), -- General Purpose Bunny JMF (Look 2) (Area: 0)
(@CGUID+442, 47242, 36, 1, 1, -61.9878, -829.885, 41.50033, 2.443461, 7200, 0, 0), -- General Purpose Bunny JMF (Look 2) (Area: 0)
(@CGUID+443, 47242, 36, 1, 1, -56.901, -818.264, 41.95403, 2.460914, 7200, 0, 0), -- General Purpose Bunny JMF (Look 2) (Area: 0)
(@CGUID+444, 45979, 36, 1, 1, -64.43924, -819.9375, 41.21879, 0.05235988, 7200, 0, 0), -- General Purpose Bunny JMF (Area: 0)
(@CGUID+445, 47242, 36, 1, 1, -56.9514, -832.986, 41.97313, 2.059489, 7200, 0, 0), -- General Purpose Bunny JMF (Look 2) (Area: 0)
(@CGUID+446, 47242, 36, 1, 1, -51.8299, -829.847, 42.45503, 0, 7200, 0, 0), -- General Purpose Bunny JMF (Look 2) (Area: 0)
(@CGUID+447, 45979, 36, 1, 1, -66.8785, -820.351, 40.97763, 0.05235988, 7200, 0, 0), -- General Purpose Bunny JMF (Area: 0)
(@CGUID+448, 45979, 36, 1, 1, -66.8785, -820.351, 40.97763, 0.05235988, 7200, 0, 0), -- General Purpose Bunny JMF (Area: 0)
(@CGUID+449, 47242, 36, 1, 1, -68.1302, -822.918, 40.88803, 4.08407, 7200, 0, 0), -- General Purpose Bunny JMF (Look 2) (Area: 0)
(@CGUID+450, 47242, 36, 1, 1, -65.401, -833.352, 41.20173, 2.146755, 7200, 0, 0), -- General Purpose Bunny JMF (Look 2) (Area: 0)
(@CGUID+451, 47242, 36, 1, 1, -51.8837, -833.491, 42.46043, 0, 7200, 0, 0), -- General Purpose Bunny JMF (Look 2) (Area: 0)
(@CGUID+452, 47242, 36, 1, 1, -68.934, -829.365, 40.87723, 3.106686, 7200, 0, 0), -- General Purpose Bunny JMF (Look 2) (Area: 0)
(@CGUID+453, 47242, 36, 1, 1, -60.9792, -835.979, 41.59823, 0, 7200, 0, 0), -- General Purpose Bunny JMF (Look 2) (Area: 0)
(@CGUID+454, 47242, 36, 1, 1, -62.6927, -814.031, 41.38433, 4.328416, 7200, 0, 0), -- General Purpose Bunny JMF (Look 2) (Area: 0)
(@CGUID+455, 47242, 36, 1, 1, -58.0365, -812.931, 41.83743, 5.67232, 7200, 0, 0), -- General Purpose Bunny JMF (Look 2) (Area: 0)
(@CGUID+456, 47242, 36, 1, 1, -47.4358, -831.122, 42.87633, 0, 7200, 0, 0), -- General Purpose Bunny JMF (Look 2) (Area: 0)
(@CGUID+457, 47242, 36, 1, 1, -67.70139, -814.1632, 40.93637, 3.769911, 7200, 0, 0), -- General Purpose Bunny JMF (Look 2) (Area: 0)
(@CGUID+458, 47242, 36, 1, 1, -72.9931, -825.99, 40.48343, 0.2443461, 7200, 0, 0), -- General Purpose Bunny JMF (Look 2) (Area: 0)
(@CGUID+459, 47242, 36, 1, 1, -53.2882, -810.453, 42.28443, 2.478368, 7200, 0, 0), -- General Purpose Bunny JMF (Look 2) (Area: 0)
(@CGUID+460, 47242, 36, 1, 1, -73.9705, -819.941, 40.35883, 4.380776, 7200, 0, 0), -- General Purpose Bunny JMF (Look 2) (Area: 0)
(@CGUID+461, 47242, 36, 1, 1, -70.941, -835.523, 40.68593, 4.171337, 7200, 0, 0), -- General Purpose Bunny JMF (Look 2) (Area: 0)
(@CGUID+462, 47242, 36, 1, 1, -60, -807.571, 41.64553, 0, 7200, 0, 0), -- General Purpose Bunny JMF (Look 2) (Area: 0)
(@CGUID+463, 47242, 36, 1, 1, -75.5295, -831.818, 40.27493, 2.460914, 7200, 0, 0), -- General Purpose Bunny JMF (Look 2) (Area: 0)
(@CGUID+464, 47242, 36, 1, 1, -73.6458, -814.604, 40.40203, 3.979351, 7200, 0, 0), -- General Purpose Bunny JMF (Look 2) (Area: 0)
(@CGUID+465, 47242, 36, 1, 1, -55.0469, -805.922, 42.10873, 0, 7200, 0, 0), -- General Purpose Bunny JMF (Look 2) (Area: 0)
(@CGUID+466, 47242, 36, 1, 1, -47.6163, -808.856, 42.82733, 0, 7200, 0, 0), -- General Purpose Bunny JMF (Look 2) (Area: 0)
(@CGUID+467, 47242, 36, 1, 1, -66.6615, -805.149, 41.03343, 0, 7200, 0, 0), -- General Purpose Bunny JMF (Look 2) (Area: 0)
(@CGUID+468, 47242, 36, 1, 1, -72.8733, -808.346, 40.48073, 0, 7200, 0, 0), -- General Purpose Bunny JMF (Look 2) (Area: 0)
(@CGUID+469, 47242, 36, 1, 1, -79.2431, -834.884, 39.97583, 0, 7200, 0, 0), -- General Purpose Bunny JMF (Look 2) (Area: 0)
(@CGUID+470, 47242, 36, 1, 1, -82.5642, -830.498, 39.70443, 5.393067, 7200, 0, 0), -- General Purpose Bunny JMF (Look 2) (Area: 0)
(@CGUID+471, 47242, 36, 1, 1, -79.3229, -806.665, 39.93003, 0, 7200, 0, 0), -- General Purpose Bunny JMF (Look 2) (Area: 0)
(@CGUID+472, 47242, 36, 1, 1, -88.1024, -831.63, 39.25593, 0, 7200, 0, 0), -- General Purpose Bunny JMF (Look 2) (Area: 0)
(@CGUID+473, 47242, 36, 1, 1, -85.6667, -808.549, 39.42283, 0, 7200, 0, 0), -- General Purpose Bunny JMF (Look 2) (Area: 0)
(@CGUID+474, 47242, 36, 1, 1, -95.3628, -828.319, 38.68673, 0, 7200, 0, 0), -- General Purpose Bunny JMF (Look 2) (Area: 0)
(@CGUID+475, 47242, 36, 1, 1, -94.2292, -809.929, 38.74693, 0, 7200, 0, 0), -- General Purpose Bunny JMF (Look 2) (Area: 0)
(@CGUID+476, 47242, 36, 1, 1, -99.684, -818.974, 38.35423, 0, 7200, 0, 0), -- General Purpose Bunny JMF (Look 2) (Area: 0)
(@CGUID+477, 47242, 36, 1, 1, -101.174, -824.677, 38.25353, 0, 7200, 0, 0), -- General Purpose Bunny JMF (Look 2) (Area: 0)
(@CGUID+478, 47242, 36, 1, 1, -101.122, -813.936, 38.24383, 0, 7200, 0, 0), -- General Purpose Bunny JMF (Look 2) (Area: 0)
(@CGUID+479, 47242, 36, 1, 1, -104.384, -819.276, 38.02033, 0, 7200, 0, 0), -- General Purpose Bunny JMF (Look 2) (Area: 0)
(@CGUID+480, 4075, 36, 1, 1, -117.246, -409.9308, 59.00196, 4.009674, 7200, 0, 0), -- Rat (Area: 0)
(@CGUID+481, 4075, 36, 1, 1, -117.7326, -618.5919, 14.12225, 5.554124, 7200, 0, 0), -- Rat (Area: 0)
(@CGUID+482, 47626, 36, 1, 1, -66.7813, -837.863, 41.06303, 4.607669, 7200, 0, 0), -- Admiral Ripsnarl (Area: 0) (possible waypoints or random movement)
(@CGUID+483, 4075, 36, 1, 1, -121.0871, -802.7612, 16.93635, 1.862152, 7200, 0, 0), -- Rat (Area: 0)
(@CGUID+484, 47242, 36, 1, 1, -65.401, -833.352, 41.20173, 2.146755, 7200, 0, 0), -- General Purpose Bunny JMF (Look 2) (Area: 0)
(@CGUID+485, 47242, 36, 1, 1, -60.9792, -835.979, 41.59823, 0, 7200, 0, 0), -- General Purpose Bunny JMF (Look 2) (Area: 0)
(@CGUID+486, 47242, 36, 1, 1, -61.9878, -829.885, 41.50033, 2.443461, 7200, 0, 0), -- General Purpose Bunny JMF (Look 2) (Area: 0)
(@CGUID+487, 47242, 36, 1, 1, -56.9514, -832.986, 41.97313, 2.059489, 7200, 0, 0), -- General Purpose Bunny JMF (Look 2) (Area: 0)
(@CGUID+488, 47242, 36, 1, 1, -68.934, -829.365, 40.87723, 3.106686, 7200, 0, 0), -- General Purpose Bunny JMF (Look 2) (Area: 0)
(@CGUID+489, 47242, 36, 1, 1, -70.941, -835.523, 40.68593, 4.171337, 7200, 0, 0), -- General Purpose Bunny JMF (Look 2) (Area: 0)
(@CGUID+490, 47242, 36, 1, 1, -56.4115, -827.823, 42.01633, 0, 7200, 0, 0), -- General Purpose Bunny JMF (Look 2) (Area: 0)
(@CGUID+491, 47242, 36, 1, 1, -62.6597, -823.653, 41.40153, 2.059489, 7200, 0, 0), -- General Purpose Bunny JMF (Look 2) (Area: 0)
(@CGUID+492, 47242, 36, 1, 1, -62.6597, -823.653, 41.40153, 2.059489, 7200, 0, 0), -- General Purpose Bunny JMF (Look 2) (Area: 0)
(@CGUID+493, 47242, 36, 1, 1, -51.8837, -833.491, 42.46043, 0, 7200, 0, 0), -- General Purpose Bunny JMF (Look 2) (Area: 0)
(@CGUID+494, 47242, 36, 1, 1, -51.8299, -829.847, 42.45503, 0, 7200, 0, 0), -- General Purpose Bunny JMF (Look 2) (Area: 0)
(@CGUID+495, 47242, 36, 1, 1, -68.1302, -822.918, 40.88803, 4.08407, 7200, 0, 0), -- General Purpose Bunny JMF (Look 2) (Area: 0)
(@CGUID+496, 47242, 36, 1, 1, -57.3889, -822.721, 41.91503, 3.246312, 7200, 0, 0), -- General Purpose Bunny JMF (Look 2) (Area: 0)
(@CGUID+497, 47242, 36, 1, 1, -72.9931, -825.99, 40.48343, 0.2443461, 7200, 0, 0), -- General Purpose Bunny JMF (Look 2) (Area: 0)
(@CGUID+498, 47242, 36, 1, 1, -75.5295, -831.818, 40.27493, 2.460914, 7200, 0, 0), -- General Purpose Bunny JMF (Look 2) (Area: 0)
(@CGUID+499, 45979, 36, 1, 1, -64.43924, -819.9375, 41.21879, 0.05235988, 7200, 0, 0), -- General Purpose Bunny JMF (Area: 0)
(@CGUID+500, 45979, 36, 1, 1, -66.8785, -820.351, 40.97763, 0.05235988, 7200, 0, 0), -- General Purpose Bunny JMF (Area: 0)
(@CGUID+501, 45979, 36, 1, 1, -66.8785, -820.351, 40.97763, 0.05235988, 7200, 0, 0), -- General Purpose Bunny JMF (Area: 0)
(@CGUID+502, 47242, 36, 1, 1, -47.4358, -831.122, 42.87633, 0, 7200, 0, 0), -- General Purpose Bunny JMF (Look 2) (Area: 0)
(@CGUID+503, 47242, 36, 1, 1, -79.2431, -834.884, 39.97583, 0, 7200, 0, 0), -- General Purpose Bunny JMF (Look 2) (Area: 0)
(@CGUID+504, 47242, 36, 1, 1, -56.901, -818.264, 41.95403, 2.460914, 7200, 0, 0), -- General Purpose Bunny JMF (Look 2) (Area: 0)
(@CGUID+505, 47242, 36, 1, 1, -73.9705, -819.941, 40.35883, 4.380776, 7200, 0, 0), -- General Purpose Bunny JMF (Look 2) (Area: 0)
(@CGUID+506, 47242, 36, 1, 1, -62.6927, -814.031, 41.38433, 4.328416, 7200, 0, 0), -- General Purpose Bunny JMF (Look 2) (Area: 0)
(@CGUID+507, 47242, 36, 1, 1, -82.5642, -830.498, 39.70443, 5.393067, 7200, 0, 0), -- General Purpose Bunny JMF (Look 2) (Area: 0)
(@CGUID+508, 47242, 36, 1, 1, -67.70139, -814.1632, 40.93637, 3.769911, 7200, 0, 0), -- General Purpose Bunny JMF (Look 2) (Area: 0)
(@CGUID+509, 47242, 36, 1, 1, -58.0365, -812.931, 41.83743, 5.67232, 7200, 0, 0), -- General Purpose Bunny JMF (Look 2) (Area: 0)
(@CGUID+510, 47242, 36, 1, 1, -73.6458, -814.604, 40.40203, 3.979351, 7200, 0, 0), -- General Purpose Bunny JMF (Look 2) (Area: 0)
(@CGUID+511, 47242, 36, 1, 1, -53.2882, -810.453, 42.28443, 2.478368, 7200, 0, 0), -- General Purpose Bunny JMF (Look 2) (Area: 0)
(@CGUID+512, 47242, 36, 1, 1, -88.1024, -831.63, 39.25593, 0, 7200, 0, 0), -- General Purpose Bunny JMF (Look 2) (Area: 0)
(@CGUID+513, 47242, 36, 1, 1, -60, -807.571, 41.64553, 0, 7200, 0, 0), -- General Purpose Bunny JMF (Look 2) (Area: 0)
(@CGUID+514, 47242, 36, 1, 1, -72.8733, -808.346, 40.48073, 0, 7200, 0, 0), -- General Purpose Bunny JMF (Look 2) (Area: 0)
(@CGUID+515, 47242, 36, 1, 1, -66.6615, -805.149, 41.03343, 0, 7200, 0, 0), -- General Purpose Bunny JMF (Look 2) (Area: 0)
(@CGUID+516, 47242, 36, 1, 1, -55.0469, -805.922, 42.10873, 0, 7200, 0, 0), -- General Purpose Bunny JMF (Look 2) (Area: 0)
(@CGUID+517, 47242, 36, 1, 1, -47.6163, -808.856, 42.82733, 0, 7200, 0, 0), -- General Purpose Bunny JMF (Look 2) (Area: 0)
(@CGUID+518, 47242, 36, 1, 1, -79.3229, -806.665, 39.93003, 0, 7200, 0, 0), -- General Purpose Bunny JMF (Look 2) (Area: 0)
(@CGUID+519, 47242, 36, 1, 1, -95.3628, -828.319, 38.68673, 0, 7200, 0, 0), -- General Purpose Bunny JMF (Look 2) (Area: 0)
(@CGUID+520, 47242, 36, 1, 1, -85.6667, -808.549, 39.42283, 0, 7200, 0, 0), -- General Purpose Bunny JMF (Look 2) (Area: 0)
(@CGUID+521, 47242, 36, 1, 1, -94.2292, -809.929, 38.74693, 0, 7200, 0, 0), -- General Purpose Bunny JMF (Look 2) (Area: 0)
(@CGUID+522, 47242, 36, 1, 1, -101.174, -824.677, 38.25353, 0, 7200, 0, 0), -- General Purpose Bunny JMF (Look 2) (Area: 0)
(@CGUID+523, 47242, 36, 1, 1, -99.684, -818.974, 38.35423, 0, 7200, 0, 0), -- General Purpose Bunny JMF (Look 2) (Area: 0)
(@CGUID+524, 47242, 36, 1, 1, -101.122, -813.936, 38.24383, 0, 7200, 0, 0), -- General Purpose Bunny JMF (Look 2) (Area: 0)
(@CGUID+525, 47242, 36, 1, 1, -104.384, -819.276, 38.02033, 0, 7200, 0, 0), -- General Purpose Bunny JMF (Look 2) (Area: 0)
(@CGUID+526, 47739, 36, 1, 1, -88.13194, -819.3299, 39.23453, 0, 7200, 0, 0), -- "Captain" Cookie (Area: 0) (possible waypoints or random movement)
(@CGUID+527, 49564, 36, 1, 1, -74.36111, -820.0139, 40.37145, 4.014257, 7200, 0, 0), -- A Note From Vanessa (Area: 0)
(@CGUID+528, 49429, 36, 1, 1, -75.58507, -819.9636, 47.06727, 6.178465, 7200, 0, 0), -- Vanessa VanCleef (Area: 0) (possible waypoints or random movement)
(@CGUID+529, 49454, 36, 1, 1, -205.7569, -579.0972, 42.98623, 0, 7200, 0, 0), -- Vanessa's Trap Bunny (Area: 0) (possible waypoints or random movement)
(@CGUID+530, 45979, 36, 1, 1, -52.13195, -816.1077, 51.65916, 0, 7200, 0, 0), -- General Purpose Bunny JMF (Area: 0)
(@CGUID+531, 49457, 36, 1, 1, -199.1944, -583.1545, 37.33158, 2.600541, 7200, 0, 0), -- Steam Valve (Area: 0)
(@CGUID+532, 49457, 36, 1, 1, -201.809, -572.6215, 37.33158, 4.171337, 7200, 0, 0), -- Steam Valve (Area: 0)
(@CGUID+533, 49457, 36, 1, 1, -209.6823, -585.8924, 37.33158, 0.9599311, 7200, 0, 0), -- Steam Valve (Area: 0)
(@CGUID+534, 49457, 36, 1, 1, -212.3524, -575.3976, 37.33158, 5.707227, 7200, 0, 0), -- Steam Valve (Area: 0)
(@CGUID+535, 45979, 36, 1, 1, -230.2951, -574.7708, 51.30646, 0, 7200, 0, 0), -- General Purpose Bunny JMF (Area: 0)
(@CGUID+536, 51594, 36, 1, 1, -192.2031, -595.9636, 36.37407, 2.80998, 7200, 0, 0), -- Glubtok Nightmare Fire Bunny (Area: 0)
(@CGUID+537, 49671, 36, 1, 1, -230.717, -563.0139, 51.31293, 1.047198, 7200, 0, 0), -- Vanessa VanCleef (Area: 0) (possible waypoints or random movement)
(@CGUID+538, 51594, 36, 1, 1, -220.625, -577.9618, 21.06016, 2.513274, 7200, 0, 0), -- Glubtok Nightmare Fire Bunny (Area: 0)
(@CGUID+539, 51594, 36, 1, 1, -205.3056, -563.6285, 21.06016, 5.253441, 7200, 0, 0), -- Glubtok Nightmare Fire Bunny (Area: 0)
(@CGUID+540, 51594, 36, 1, 1, -214.8958, -546.7136, 19.3898, 4.712389, 7200, 0, 0), -- Glubtok Nightmare Fire Bunny (Area: 0)
(@CGUID+541, 51594, 36, 1, 1, -207.8004, -570.6441, 21.06016, 1.762783, 7200, 0, 0), -- Glubtok Nightmare Fire Bunny (Area: 0)
(@CGUID+542, 51594, 36, 1, 1, -221.4653, -549.9358, 19.3898, 3.211406, 7200, 0, 0), -- Glubtok Nightmare Fire Bunny (Area: 0)
(@CGUID+543, 51594, 36, 1, 1, -229.9635, -559.2552, 19.3898, 0, 7200, 0, 0), -- Glubtok Nightmare Fire Bunny (Area: 0)
(@CGUID+544, 51594, 36, 1, 1, -216.8438, -568.9011, 21.06016, 3.909538, 7200, 0, 0), -- Glubtok Nightmare Fire Bunny (Area: 0)
(@CGUID+545, 51594, 36, 1, 1, -235.9045, -563.3906, 19.3898, 0, 7200, 0, 0), -- Glubtok Nightmare Fire Bunny (Area: 0)
(@CGUID+546, 51594, 36, 1, 1, -226.6736, -580.8316, 20.43056, 2.775074, 7200, 0, 0), -- Glubtok Nightmare Fire Bunny (Area: 0)
(@CGUID+547, 51594, 36, 1, 1, -227.5226, -595.1979, 20.42358, 4.206244, 7200, 0, 0), -- Glubtok Nightmare Fire Bunny (Area: 0)
(@CGUID+548, 51594, 36, 1, 1, -215.0399, -576.3941, 21.06016, 3.735005, 7200, 0, 0), -- Glubtok Nightmare Fire Bunny (Area: 0)
(@CGUID+549, 51594, 36, 1, 1, -210.592, -583.4739, 21.06016, 0, 7200, 0, 0), -- Glubtok Nightmare Fire Bunny (Area: 0)
(@CGUID+550, 51594, 36, 1, 1, -228.592, -553.1684, 19.3898, 5.550147, 7200, 0, 0), -- Glubtok Nightmare Fire Bunny (Area: 0)
(@CGUID+551, 51594, 36, 1, 1, -220.4879, -596.382, 21.95116, 0, 7200, 0, 0), -- Glubtok Nightmare Fire Bunny (Area: 0)
(@CGUID+552, 51594, 36, 1, 1, -190.4774, -552.2778, 51.31293, 5.305801, 7200, 0, 0), -- Glubtok Nightmare Fire Bunny (Area: 0)
(@CGUID+553, 51594, 36, 1, 1, -195.6267, -550.4393, 51.31293, 3.752458, 7200, 0, 0), -- Glubtok Nightmare Fire Bunny (Area: 0)
(@CGUID+554, 51594, 36, 1, 1, -209.7257, -557.1042, 51.31293, 3.525565, 7200, 0, 0), -- Glubtok Nightmare Fire Bunny (Area: 0)
(@CGUID+555, 51594, 36, 1, 1, -187.9531, -567.0469, 51.31293, 5.305801, 7200, 0, 0), -- Glubtok Nightmare Fire Bunny (Area: 0)
(@CGUID+556, 51594, 36, 1, 1, -185.2083, -562.4844, 19.3898, 0.9599311, 7200, 0, 0), -- Glubtok Nightmare Fire Bunny (Area: 0)
(@CGUID+557, 49670, 36, 1, 1, -229.3403, -560.3629, 51.31293, 5.742133, 7200, 0, 0), -- Glubtok (Area: 0)
(@CGUID+558, 51594, 36, 1, 1, -183.4236, -577.2674, 46.87183, 3.944444, 7200, 0, 0), -- Glubtok Nightmare Fire Bunny (Area: 0)
(@CGUID+559, 51594, 36, 1, 1, -184.6528, -572.3663, 49.27317, 3.159046, 7200, 0, 0), -- Glubtok Nightmare Fire Bunny (Area: 0)
(@CGUID+560, 51594, 36, 1, 1, -191.2205, -581.4965, 21.06015, 2.007129, 7200, 0, 0), -- Glubtok Nightmare Fire Bunny (Area: 0)
(@CGUID+561, 51594, 36, 1, 1, -201.224, -570.6788, 21.06016, 3.577925, 7200, 0, 0), -- Glubtok Nightmare Fire Bunny (Area: 0)
(@CGUID+562, 51594, 36, 1, 1, -198.4653, -580.757, 21.06015, 0.8901179, 7200, 0, 0), -- Glubtok Nightmare Fire Bunny (Area: 0)
(@CGUID+563, 51594, 36, 1, 1, -196.8767, -574.9688, 21.06016, 4.29351, 7200, 0, 0), -- Glubtok Nightmare Fire Bunny (Area: 0)
(@CGUID+564, 51594, 36, 1, 1, -194.1302, -548.3055, 19.3898, 4.153883, 7200, 0, 0), -- Glubtok Nightmare Fire Bunny (Area: 0)
(@CGUID+565, 51594, 36, 1, 1, -187.3333, -550.8143, 19.3898, 3.385939, 7200, 0, 0), -- Glubtok Nightmare Fire Bunny (Area: 0)
(@CGUID+566, 51594, 36, 1, 1, -186.9792, -556.8472, 19.3898, 4.153883, 7200, 0, 0), -- Glubtok Nightmare Fire Bunny (Area: 0)
(@CGUID+567, 51594, 36, 1, 1, -196.5504, -587.7031, 21.06015, 1.27409, 7200, 0, 0), -- Glubtok Nightmare Fire Bunny (Area: 0)
(@CGUID+568, 51594, 36, 1, 1, -241.5938, -578.6858, 19.3898, 2.775074, 7200, 0, 0), -- Glubtok Nightmare Fire Bunny (Area: 0)
(@CGUID+569, 51594, 36, 1, 1, -226.1615, -573.8021, 20.40991, 5.218534, 7200, 0, 0), -- Glubtok Nightmare Fire Bunny (Area: 0)
(@CGUID+570, 51594, 36, 1, 1, -181.2379, -555.3177, 19.3898, 0.3141593, 7200, 0, 0), -- Glubtok Nightmare Fire Bunny (Area: 0)
(@CGUID+571, 51594, 36, 1, 1, -216.5399, -602.6528, 24.88029, 2.687807, 7200, 0, 0), -- Glubtok Nightmare Fire Bunny (Area: 0)
(@CGUID+572, 51594, 36, 1, 1, -210.7431, -603.2813, 27.17259, 4.904375, 7200, 0, 0), -- Glubtok Nightmare Fire Bunny (Area: 0)
(@CGUID+573, 51594, 36, 1, 1, -225.6962, -601.3871, 21.82762, 4.555309, 7200, 0, 0), -- Glubtok Nightmare Fire Bunny (Area: 0)
(@CGUID+574, 51594, 36, 1, 1, -221.8629, -607.2205, 23.7542, 4.939282, 7200, 0, 0), -- Glubtok Nightmare Fire Bunny (Area: 0)
(@CGUID+575, 51594, 36, 1, 1, -215.7205, -608.4722, 25.87703, 2.530727, 7200, 0, 0), -- Glubtok Nightmare Fire Bunny (Area: 0)
(@CGUID+576, 51594, 36, 1, 1, -178.2031, -594.9965, 40.6501, 4.415683, 7200, 0, 0), -- Glubtok Nightmare Fire Bunny (Area: 0)
(@CGUID+577, 51594, 36, 1, 1, -197.1007, -609.7257, 32.38494, 0, 7200, 0, 0), -- Glubtok Nightmare Fire Bunny (Area: 0)
(@CGUID+578, 51594, 36, 1, 1, -201.9757, -611.8663, 30.62297, 2.897247, 7200, 0, 0), -- Glubtok Nightmare Fire Bunny (Area: 0)
(@CGUID+579, 49670, 36, 1, 1, -174.8212, -579.7552, 19.39602, 3.193953, 7200, 0, 0), -- Glubtok (Area: 0) (possible waypoints or random movement)
(@CGUID+580, 45979, 36, 1, 1, -211.9184, -581.8212, 21.06016, 0, 7200, 0, 0), -- General Purpose Bunny JMF (Area: 0)
(@CGUID+581, 49674, 36, 1, 1, -172.6858, -580.0469, 19.39752, 3.176499, 7200, 0, 0), -- Helix Gearbreaker (Area: 0) (possible waypoints or random movement)
(@CGUID+582, 49671, 36, 1, 1, -172.809, -576.9114, 19.39756, 4.817109, 7200, 0, 0), -- Vanessa VanCleef (Area: 0) (possible waypoints or random movement)
(@CGUID+583, 49493, 36, 1, 1, -184.9618, -552.9132, 19.3898, 0, 7200, 0, 0), -- Nightmare Skitterling (Area: 0)
(@CGUID+584, 49493, 36, 1, 1, -199.1406, -573.6893, 21.06016, 0, 7200, 0, 0), -- Nightmare Skitterling (Area: 0)
(@CGUID+585, 49493, 36, 1, 1, -194.5851, -578.3386, 21.06015, 0, 7200, 0, 0), -- Nightmare Skitterling (Area: 0)
(@CGUID+586, 49493, 36, 1, 1, -193.3264, -569.809, 21.06016, 0, 7200, 0, 0), -- Nightmare Skitterling (Area: 0)
(@CGUID+587, 49493, 36, 1, 1, -185.7622, -566.6059, 19.3898, 0, 7200, 0, 0), -- Nightmare Skitterling (Area: 0)
(@CGUID+588, 49493, 36, 1, 1, -181.401, -561.684, 19.3898, 0, 7200, 0, 0), -- Nightmare Skitterling (Area: 0)
(@CGUID+589, 49493, 36, 1, 1, -221.2569, -549.3316, 19.3898, 0, 7200, 0, 0), -- Nightmare Skitterling (Area: 0)
(@CGUID+590, 49493, 36, 1, 1, -215.125, -546.0486, 19.3898, 0, 7200, 0, 0), -- Nightmare Skitterling (Area: 0)
(@CGUID+591, 49493, 36, 1, 1, -210.3854, -550.6736, 19.3898, 0, 7200, 0, 0), -- Nightmare Skitterling (Area: 0)
(@CGUID+592, 49493, 36, 1, 1, -206.8715, -545.3837, 19.3898, 0, 7200, 0, 0), -- Nightmare Skitterling (Area: 0)
(@CGUID+593, 49493, 36, 1, 1, -208.3247, -556.5833, 19.3898, 0, 7200, 0, 0), -- Nightmare Skitterling (Area: 0)
(@CGUID+594, 49493, 36, 1, 1, -203.1233, -550.8281, 19.3898, 0, 7200, 0, 0), -- Nightmare Skitterling (Area: 0)
(@CGUID+595, 49493, 36, 1, 1, -198.2465, -546.9288, 19.3898, 0, 7200, 0, 0), -- Nightmare Skitterling (Area: 0)
(@CGUID+596, 49493, 36, 1, 1, -178.6389, -564.4479, 19.39, 0, 7200, 0, 0), -- Nightmare Skitterling (Area: 0)
(@CGUID+597, 49493, 36, 1, 1, -193.3698, -581.8663, 21.06015, 0, 7200, 0, 0), -- Nightmare Skitterling (Area: 0)
(@CGUID+598, 49493, 36, 1, 1, -188.1788, -578.3715, 21.06015, 0, 7200, 0, 0), -- Nightmare Skitterling (Area: 0)
(@CGUID+599, 49493, 36, 1, 1, -185.3385, -562.592, 19.3898, 0, 7200, 0, 0), -- Nightmare Skitterling (Area: 0)
(@CGUID+600, 49493, 36, 1, 1, -179.6458, -557.9063, 19.3898, 0, 7200, 0, 0), -- Nightmare Skitterling (Area: 0)
(@CGUID+601, 49493, 36, 1, 1, -226.5208, -587.257, 19.53274, 0, 7200, 0, 0), -- Nightmare Skitterling (Area: 0)
(@CGUID+602, 49493, 36, 1, 1, -199.3351, -586.7952, 21.06015, 0, 7200, 0, 0), -- Nightmare Skitterling (Area: 0)
(@CGUID+603, 49493, 36, 1, 1, -207.6545, -594.809, 21.06015, 0, 7200, 0, 0), -- Nightmare Skitterling (Area: 0)
(@CGUID+604, 49493, 36, 1, 1, -201.2587, -593.309, 21.06016, 0, 7200, 0, 0), -- Nightmare Skitterling (Area: 0)
(@CGUID+605, 49493, 36, 1, 1, -224.2743, -592.7917, 20.29579, 0, 7200, 0, 0), -- Nightmare Skitterling (Area: 0)
(@CGUID+606, 49493, 36, 1, 1, -211.9844, -569.5417, 21.06016, 0, 7200, 0, 0), -- Nightmare Skitterling (Area: 0)
(@CGUID+607, 49493, 36, 1, 1, -208.9288, -563.6094, 21.06016, 0, 7200, 0, 0), -- Nightmare Skitterling (Area: 0)
(@CGUID+608, 49493, 36, 1, 1, -200.8715, -557.2518, 19.3898, 0, 7200, 0, 0), -- Nightmare Skitterling (Area: 0)
(@CGUID+609, 49493, 36, 1, 1, -196.2396, -553.6927, 19.3898, 0, 7200, 0, 0), -- Nightmare Skitterling (Area: 0)
(@CGUID+610, 49493, 36, 1, 1, -192.1163, -550.1024, 19.3898, 0, 7200, 0, 0), -- Nightmare Skitterling (Area: 0)
(@CGUID+611, 49493, 36, 1, 1, -202.4063, -563.1337, 21.06016, 0, 7200, 0, 0), -- Nightmare Skitterling (Area: 0)
(@CGUID+612, 49493, 36, 1, 1, -195.9635, -560.8889, 20.58139, 0, 7200, 0, 0), -- Nightmare Skitterling (Area: 0)
(@CGUID+613, 49493, 36, 1, 1, -190.1094, -557.4722, 19.3898, 0, 7200, 0, 0), -- Nightmare Skitterling (Area: 0)
(@CGUID+614, 49493, 36, 1, 1, -199.3229, -550.3785, 19.3898, 0, 7200, 0, 0), -- Nightmare Skitterling (Area: 0)
(@CGUID+615, 49493, 36, 1, 1, -195.2552, -557.0087, 19.3898, 0, 7200, 0, 0), -- Nightmare Skitterling (Area: 0)
(@CGUID+616, 49493, 36, 1, 1, -190.1372, -553.0625, 19.3898, 0, 7200, 0, 0), -- Nightmare Skitterling (Area: 0)
(@CGUID+617, 49493, 36, 1, 1, -185.2118, -557.6406, 19.3898, 0, 7200, 0, 0), -- Nightmare Skitterling (Area: 0)
(@CGUID+618, 49493, 36, 1, 1, -190.6406, -561.441, 19.3898, 0, 7200, 0, 0), -- Nightmare Skitterling (Area: 0)
(@CGUID+619, 49493, 36, 1, 1, -197.7413, -564.3021, 21.06016, 0, 7200, 0, 0), -- Nightmare Skitterling (Area: 0)
(@CGUID+620, 49493, 36, 1, 1, -215.5365, -549.8021, 19.3898, 0, 7200, 0, 0), -- Nightmare Skitterling (Area: 0)
(@CGUID+621, 49493, 36, 1, 1, -212.1719, -555.0226, 19.3898, 0, 7200, 0, 0), -- Nightmare Skitterling (Area: 0)
(@CGUID+622, 49493, 36, 1, 1, -213.2344, -561.8577, 21.06016, 0, 7200, 0, 0), -- Nightmare Skitterling (Area: 0)
(@CGUID+623, 49493, 36, 1, 1, -208.5451, -568.1146, 21.06016, 0, 7200, 0, 0), -- Nightmare Skitterling (Area: 0)
(@CGUID+624, 49493, 36, 1, 1, -202.7257, -572.5174, 21.06016, 0, 7200, 0, 0), -- Nightmare Skitterling (Area: 0)
(@CGUID+625, 49493, 36, 1, 1, -205.6354, -559.1563, 21.06016, 0, 7200, 0, 0), -- Nightmare Skitterling (Area: 0)
(@CGUID+626, 49493, 36, 1, 1, -206.1615, -553.3507, 19.3898, 0, 7200, 0, 0), -- Nightmare Skitterling (Area: 0)
(@CGUID+627, 49493, 36, 1, 1, -202.5451, -546.118, 19.3898, 0, 7200, 0, 0), -- Nightmare Skitterling (Area: 0)
(@CGUID+628, 49493, 36, 1, 1, -204.1024, -596.7518, 21.06016, 0, 7200, 0, 0), -- Nightmare Skitterling (Area: 0)
(@CGUID+629, 49493, 36, 1, 1, -204.0087, -590.8386, 21.06016, 0, 7200, 0, 0), -- Nightmare Skitterling (Area: 0)
(@CGUID+630, 49493, 36, 1, 1, -198.8316, -591.7239, 21.06015, 0, 7200, 0, 0), -- Nightmare Skitterling (Area: 0)
(@CGUID+631, 49493, 36, 1, 1, -195.4375, -586.2934, 21.06015, 0, 7200, 0, 0), -- Nightmare Skitterling (Area: 0)
(@CGUID+632, 49493, 36, 1, 1, -197.6493, -582.4653, 21.06015, 0, 7200, 0, 0), -- Nightmare Skitterling (Area: 0)
(@CGUID+633, 49493, 36, 1, 1, -219.1337, -559.7899, 19.3898, 0, 7200, 0, 0), -- Nightmare Skitterling (Area: 0)
(@CGUID+634, 49493, 36, 1, 1, -221.4063, -553.1406, 19.3898, 0, 7200, 0, 0), -- Nightmare Skitterling (Area: 0)
(@CGUID+635, 49493, 36, 1, 1, -216.1215, -564.882, 21.06016, 0, 7200, 0, 0), -- Nightmare Skitterling (Area: 0)
(@CGUID+636, 49493, 36, 1, 1, -199.3125, -578.1996, 21.06016, 0, 7200, 0, 0), -- Nightmare Skitterling (Area: 0)
(@CGUID+637, 49493, 36, 1, 1, -204.684, -569.3542, 21.06016, 0, 7200, 0, 0), -- Nightmare Skitterling (Area: 0)
(@CGUID+638, 49493, 36, 1, 1, -197.8576, -569.3489, 21.06016, 0, 7200, 0, 0), -- Nightmare Skitterling (Area: 0)
(@CGUID+639, 49493, 36, 1, 1, -191.7656, -565.8559, 21.06016, 0, 7200, 0, 0), -- Nightmare Skitterling (Area: 0)
(@CGUID+640, 49493, 36, 1, 1, -213.4635, -591.625, 21.06015, 0, 7200, 0, 0), -- Nightmare Skitterling (Area: 0)
(@CGUID+641, 49493, 36, 1, 1, -206.0781, -588.0712, 21.06016, 0, 7200, 0, 0), -- Nightmare Skitterling (Area: 0)
(@CGUID+642, 49493, 36, 1, 1, -213.1997, -585.125, 21.06015, 0, 7200, 0, 0), -- Nightmare Skitterling (Area: 0)
(@CGUID+643, 49493, 36, 1, 1, -220.5174, -581.8143, 21.06016, 0, 7200, 0, 0), -- Nightmare Skitterling (Area: 0)
(@CGUID+644, 49493, 36, 1, 1, -182.8004, -569.368, 19.39167, 0, 7200, 0, 0), -- Nightmare Skitterling (Area: 0)
(@CGUID+645, 49493, 36, 1, 1, -189.0191, -571.2674, 21.06016, 0, 7200, 0, 0), -- Nightmare Skitterling (Area: 0)
(@CGUID+646, 49493, 36, 1, 1, -193.7674, -574.7014, 21.06016, 0, 7200, 0, 0), -- Nightmare Skitterling (Area: 0)
(@CGUID+647, 49493, 36, 1, 1, -226.1285, -581.059, 20.79114, 0, 7200, 0, 0), -- Nightmare Skitterling (Area: 0)
(@CGUID+648, 49495, 36, 1, 1, -218.6076, -581.0746, 21.06016, 0, 7200, 0, 0), -- Chattering Horror (Area: 0)
(@CGUID+649, 49493, 36, 1, 1, -216.1094, -576.8264, 21.06016, 0, 7200, 0, 0), -- Nightmare Skitterling (Area: 0)
(@CGUID+650, 49495, 36, 1, 1, -222.1545, -555.1077, 19.3898, 0, 7200, 0, 0), -- Chattering Horror (Area: 0)
(@CGUID+651, 49495, 36, 1, 1, -212.6059, -567.2239, 21.06016, 0, 7200, 0, 0), -- Chattering Horror (Area: 0)
(@CGUID+652, 49495, 36, 1, 1, -203.9184, -551.0608, 19.3898, 0, 7200, 0, 0), -- Chattering Horror (Area: 0)
(@CGUID+653, 49495, 36, 1, 1, -202.8663, -590.1371, 21.06016, 0, 7200, 0, 0), -- Chattering Horror (Area: 0)
(@CGUID+654, 49495, 36, 1, 1, -196.4757, -573.0833, 21.06016, 0, 7200, 0, 0), -- Chattering Horror (Area: 0)
(@CGUID+655, 49495, 36, 1, 1, -185.9288, -558.125, 19.3898, 0, 7200, 0, 0), -- Chattering Horror (Area: 0)
(@CGUID+656, 49493, 36, 1, 1, -213.8767, -559.3125, 20.02806, 0, 7200, 0, 0), -- Nightmare Skitterling (Area: 0)
(@CGUID+657, 49493, 36, 1, 1, -221.8142, -556.3976, 19.3898, 0, 7200, 0, 0), -- Nightmare Skitterling (Area: 0)
(@CGUID+658, 49493, 36, 1, 1, -216.5017, -553.9722, 19.3898, 0, 7200, 0, 0), -- Nightmare Skitterling (Area: 0)
(@CGUID+659, 49493, 36, 1, 1, -223.7483, -574.9896, 21.06015, 0, 7200, 0, 0), -- Nightmare Skitterling (Area: 0)
(@CGUID+660, 49493, 36, 1, 1, -226.1215, -563.0382, 19.3898, 0, 7200, 0, 0), -- Nightmare Skitterling (Area: 0)
(@CGUID+661, 49493, 36, 1, 1, -213.8559, -574.6094, 21.06016, 0, 7200, 0, 0), -- Nightmare Skitterling (Area: 0)
(@CGUID+662, 49493, 36, 1, 1, -208.3854, -571.8004, 21.06016, 0, 7200, 0, 0), -- Nightmare Skitterling (Area: 0)
(@CGUID+663, 49493, 36, 1, 1, -224.5625, -568.1476, 19.92673, 0, 7200, 0, 0), -- Nightmare Skitterling (Area: 0)
(@CGUID+664, 49493, 36, 1, 1, -219.7083, -588.6094, 21.06015, 0, 7200, 0, 0), -- Nightmare Skitterling (Area: 0)
(@CGUID+665, 49493, 36, 1, 1, -218.8872, -570.5643, 21.06016, 0, 7200, 0, 0), -- Nightmare Skitterling (Area: 0)
(@CGUID+666, 49493, 36, 1, 1, -221.8264, -562.2795, 19.3898, 0, 7200, 0, 0), -- Nightmare Skitterling (Area: 0)
(@CGUID+667, 49493, 36, 1, 1, -227.9063, -559.566, 19.3898, 0, 7200, 0, 0), -- Nightmare Skitterling (Area: 0)
(@CGUID+668, 49493, 36, 1, 1, -230.4948, -566.0191, 19.3898, 0, 7200, 0, 0), -- Nightmare Skitterling (Area: 0)
(@CGUID+669, 49493, 36, 1, 1, -227.0243, -552.6736, 19.3898, 0, 7200, 0, 0), -- Nightmare Skitterling (Area: 0)
(@CGUID+670, 49493, 36, 1, 1, -231.566, -572.1979, 19.3898, 0, 7200, 0, 0), -- Nightmare Skitterling (Area: 0)
(@CGUID+671, 49494, 36, 1, 1, -215.7064, -553.3212, 51.29544, 0.7243207, 7200, 0, 0), -- Darkweb Devourer (Area: 0)
(@CGUID+672, 49493, 36, 1, 1, -231.8802, -578.5677, 19.3898, 0, 7200, 0, 0), -- Nightmare Skitterling (Area: 0)
(@CGUID+673, 49493, 36, 1, 1, -232.4462, -562.8837, 19.3898, 0, 7200, 0, 0), -- Nightmare Skitterling (Area: 0)
(@CGUID+674, 49495, 36, 1, 1, -233.625, -570.5868, 19.3898, 0, 7200, 0, 0), -- Chattering Horror (Area: 0)
(@CGUID+675, 49493, 36, 1, 1, -232.4514, -586.2518, 19.3898, 0, 7200, 0, 0), -- Nightmare Skitterling (Area: 0)
(@CGUID+676, 49493, 36, 1, 1, -230.3767, -592.8577, 19.3898, 0, 7200, 0, 0), -- Nightmare Skitterling (Area: 0)
(@CGUID+677, 49495, 36, 1, 1, -232.8004, -591.1805, 19.3898, 0, 7200, 0, 0), -- Chattering Horror (Area: 0)
(@CGUID+678, 45979, 36, 1, 1, -205.4688, -567.2049, 21.06016, 0, 7200, 0, 0), -- General Purpose Bunny JMF (Area: 0)
(@CGUID+679, 49493, 36, 1, 1, -234.5208, -559.4809, 19.3898, 0, 7200, 0, 0), -- Nightmare Skitterling (Area: 0)
(@CGUID+680, 49493, 36, 1, 1, -236.5712, -565.5573, 19.3898, 0, 7200, 0, 0), -- Nightmare Skitterling (Area: 0)
(@CGUID+681, 49493, 36, 1, 1, -237.5799, -571.5903, 19.3898, 0, 7200, 0, 0), -- Nightmare Skitterling (Area: 0)
(@CGUID+682, 49493, 36, 1, 1, -238.9063, -578.1528, 19.3898, 0, 7200, 0, 0), -- Nightmare Skitterling (Area: 0)
(@CGUID+683, 49494, 36, 1, 1, -229.285, -568.6863, 51.31313, 0.8218399, 7200, 0, 0), -- Darkweb Devourer (Area: 0)
(@CGUID+684, 49493, 36, 1, 1, -234.0608, -598, 19.95063, 0, 7200, 0, 0), -- Nightmare Skitterling (Area: 0)
(@CGUID+685, 49493, 36, 1, 1, -236.5122, -591.9913, 19.3898, 0, 7200, 0, 0), -- Nightmare Skitterling (Area: 0)
(@CGUID+686, 49493, 36, 1, 1, -238.8021, -584.8594, 19.3898, 0, 7200, 0, 0), -- Nightmare Skitterling (Area: 0)
(@CGUID+687, 49494, 36, 1, 1, -231.3453, -584.1043, 51.31514, 1.05134, 7200, 0, 0), -- Darkweb Devourer (Area: 0)
(@CGUID+688, 49671, 36, 1, 1, -159.3924, -580.5174, 19.39817, 6.195919, 7200, 0, 0), -- Vanessa VanCleef (Area: 0)
(@CGUID+689, 49681, 36, 1, 1, -155.4705, -580.6945, 19.39779, 0, 7200, 0, 0), -- Foe Reaper 5000 (Area: 0)
(@CGUID+690, 49520, 36, 1, 1, -120.9898, -638.3776, 12.34728, 0.03183358, 7200, 0, 0), -- Vanessa Lightning Platter (Area: 0)
(@CGUID+691, 49520, 36, 1, 1, -135.3954, -623.0512, 14.44327, 0.03133297, 7200, 0, 0), -- Vanessa Lightning Platter (Area: 0)
(@CGUID+692, 49520, 36, 1, 1, -120.1581, -617.6207, 14.24549, 6.252115, 7200, 0, 0), -- Vanessa Lightning Platter (Area: 0)
(@CGUID+693, 49520, 36, 1, 1, -136.7385, -604.6659, 15.53128, 0.03079747, 7200, 0, 0), -- Vanessa Lightning Platter (Area: 0)
(@CGUID+694, 49520, 36, 1, 1, -130.4809, -586.5009, 18.57832, 0.03022512, 7200, 0, 0), -- Vanessa Lightning Platter (Area: 0)
(@CGUID+695, 49520, 36, 1, 1, -143.004, -574.9209, 19.1443, 6.253215, 7200, 0, 0), -- Vanessa Lightning Platter (Area: 0)
(@CGUID+696, 49520, 36, 1, 1, -100.6998, -648.0762, 9.095217, 2.126812, 7200, 0, 0), -- Vanessa Lightning Platter (Area: 0)
(@CGUID+697, 49681, 36, 1, 1, -101.4549, -663.6493, 7.505813, 1.850049, 7200, 0, 0), -- Foe Reaper 5000 (Area: 0) (possible waypoints or random movement)
(@CGUID+698, 45979, 36, 1, 1, -96.04688, -694.434, 8.508634, 0, 7200, 0, 0), -- General Purpose Bunny JMF (Area: 0)
(@CGUID+699, 49682, 36, 1, 1, -101.2135, -663.4531, 7.504823, 1.867502, 7200, 0, 0), -- Ripsnarl (Area: 0)
(@CGUID+700, 49671, 36, 1, 1, -98.5816, -662.6632, 7.498006, 3.490659, 7200, 0, 0), -- Vanessa VanCleef (Area: 0)
(@CGUID+701, 49534, 36, 1, 1, -98.63194, -721.6268, 8.547067, 1.53589, 7200, 0, 0), -- Emme Harrington (Area: 0)
(@CGUID+702, 49532, 36, 1, 1, -97.79166, -717.8542, 8.668088, 4.520403, 7200, 0, 0), -- Enraged Worgen (Area: 0) (possible waypoints or random movement)
(@CGUID+703, 49532, 36, 1, 1, -94.40278, -719.7274, 8.598646, 3.560472, 7200, 0, 0), -- Enraged Worgen (Area: 0) (possible waypoints or random movement)
(@CGUID+704, 49532, 36, 1, 1, -101.9167, -718.7552, 8.726379, 5.51524, 7200, 0, 0), -- Enraged Worgen (Area: 0) (possible waypoints or random movement)
(@CGUID+705, 49532, 36, 1, 1, 3.326038, -760.3063, 9.713999, 5.31516, 7200, 0, 0), -- Enraged Worgen (Area: 0)
(@CGUID+706, 49532, 36, 1, 1, 8.798013, -762.2252, 9.625132, 3.379143, 7200, 0, 0), -- Enraged Worgen (Area: 0)
(@CGUID+707, 49532, 36, 1, 1, 4.232807, -766.6125, 9.804724, 1.292649, 7200, 0, 0), -- Enraged Worgen (Area: 0)
(@CGUID+708, 49535, 36, 1, 1, 5.239583, -763.0868, 9.800426, 2.007129, 7200, 0, 0), -- Erik Harrington (Area: 0)
(@CGUID+709, 49539, 36, 1, 1, -83.16319, -774.9636, 26.90351, 1.710423, 7200, 0, 0), -- James Harrington (Area: Ironclad Cove) (possible waypoints or random movement)
(@CGUID+710, 49541, 36, 1, 1, -79.44965, -819.8351, 39.89838, 0.01745329, 7200, 0, 0), -- Vanessa VanCleef (Area: 0) (possible waypoints or random movement)
(@CGUID+711, 45979, 36, 1, 1, -38.11458, -795.2952, 39.45137, 3.926991, 7200, 0, 0), -- General Purpose Bunny JMF (Area: 0)
(@CGUID+712, 45979, 36, 1, 1, -64.02257, -797.4323, 39.12309, 3.926991, 7200, 0, 0), -- General Purpose Bunny JMF (Area: 0)
(@CGUID+713, 45979, 36, 1, 1, -46.48438, -791.8073, 39.12098, 3.926991, 7200, 0, 0), -- General Purpose Bunny JMF (Area: 0)
(@CGUID+714, 45979, 36, 1, 1, -75.50694, -787.1597, 39.16325, 3.926991, 7200, 0, 0), -- General Purpose Bunny JMF (Area: 0)
(@CGUID+715, 45979, 36, 1, 1, -66.18229, -789.2778, 39.78834, 3.926991, 7200, 0, 0), -- General Purpose Bunny JMF (Area: 0)
(@CGUID+716, 45979, 36, 1, 1, -70.9809, -795.5, 39.14447, 3.926991, 7200, 0, 0), -- General Purpose Bunny JMF (Area: 0)
(@CGUID+717, 51594, 36, 1, 1, -85.18403, -822.6042, 39.48589, 3.926991, 7200, 0, 0), -- Glubtok Nightmare Fire Bunny (Area: 0)
(@CGUID+718, 51594, 36, 1, 1, -62.18924, -834.6563, 41.49004, 3.193953, 7200, 0, 0), -- Glubtok Nightmare Fire Bunny (Area: 0)
(@CGUID+719, 51594, 36, 1, 1, -76.88889, -806.1927, 40.12347, 3.926991, 7200, 0, 0), -- Glubtok Nightmare Fire Bunny (Area: 0)
(@CGUID+720, 51594, 36, 1, 1, -60.28472, -806.1979, 41.61631, 2.75762, 7200, 0, 0), -- Glubtok Nightmare Fire Bunny (Area: 0)
(@CGUID+721, 51594, 36, 1, 1, -41.65799, -834.1059, 34.51352, 3.926991, 7200, 0, 0), -- Glubtok Nightmare Fire Bunny (Area: 0)
(@CGUID+722, 51594, 36, 1, 1, -79.61111, -794.7726, 38.50275, 3.926991, 7200, 0, 0), -- Glubtok Nightmare Fire Bunny (Area: 0)
(@CGUID+723, 51594, 36, 1, 1, -54.19097, -789.9566, 38.85344, 3.926991, 7200, 0, 0), -- Glubtok Nightmare Fire Bunny (Area: 0)
(@CGUID+724, 51594, 36, 1, 1, -59.27778, -787.6597, 39.37201, 3.926991, 7200, 0, 0), -- Glubtok Nightmare Fire Bunny (Area: 0)
(@CGUID+725, 51594, 36, 1, 1, -44.94792, -801.1077, 40.703, 3.926991, 7200, 0, 0), -- Glubtok Nightmare Fire Bunny (Area: 0)
(@CGUID+726, 51594, 36, 1, 1, -75.33681, -833.434, 40.29444, 3.193953, 7200, 0, 0), -- Glubtok Nightmare Fire Bunny (Area: 0)
(@CGUID+727, 51594, 36, 1, 1, -62.4375, -825.9114, 41.42738, 3.193953, 7200, 0, 0), -- Glubtok Nightmare Fire Bunny (Area: 0)
(@CGUID+728, 51594, 36, 1, 1, -70.38889, -824.9722, 40.70635, 3.193953, 7200, 0, 0), -- Glubtok Nightmare Fire Bunny (Area: 0)
(@CGUID+729, 51594, 36, 1, 1, -66.54514, -815.118, 41.0335, 3.193953, 7200, 0, 0), -- Glubtok Nightmare Fire Bunny (Area: 0)
(@CGUID+730, 51594, 36, 1, 1, -57.90972, -816.8611, 41.85588, 2.75762, 7200, 0, 0), -- Glubtok Nightmare Fire Bunny (Area: 0)
(@CGUID+731, 51594, 36, 1, 1, -54.5382, -833.9739, 42.20368, 2.75762, 7200, 0, 0), -- Glubtok Nightmare Fire Bunny (Area: 0)
(@CGUID+732, 51594, 36, 1, 1, -81.48264, -832.3143, 39.79344, 2.75762, 7200, 0, 0), -- Glubtok Nightmare Fire Bunny (Area: 0)
(@CGUID+733, 51594, 36, 1, 1, -76.38541, -821.6371, 40.15092, 2.75762, 7200, 0, 0), -- Glubtok Nightmare Fire Bunny (Area: 0)
(@CGUID+734, 51594, 36, 1, 1, -84.03125, -817.4323, 39.54358, 2.75762, 7200, 0, 0), -- Glubtok Nightmare Fire Bunny (Area: 0)
(@CGUID+735, 51594, 36, 1, 1, -34.31597, -825.7864, 35.14482, 3.926991, 7200, 0, 0), -- Glubtok Nightmare Fire Bunny (Area: 0)
(@CGUID+736, 51594, 36, 1, 1, -101.6024, -822.2257, 38.22025, 3.926991, 7200, 0, 0), -- Glubtok Nightmare Fire Bunny (Area: 0)
(@CGUID+737, 51594, 36, 1, 1, -110, -821.908, 30.27846, 3.926991, 7200, 0, 0), -- Glubtok Nightmare Fire Bunny (Area: 0)
(@CGUID+738, 51594, 36, 1, 1, -54.32118, -840.3108, 33.4867, 3.926991, 7200, 0, 0), -- Glubtok Nightmare Fire Bunny (Area: 0)
(@CGUID+739, 51594, 36, 1, 1, -92.3125, -835.5712, 31.01794, 3.926991, 7200, 0, 0), -- Glubtok Nightmare Fire Bunny (Area: 0)
(@CGUID+740, 51594, 36, 1, 1, -95.20313, -826.7986, 38.69661, 3.926991, 7200, 0, 0), -- Glubtok Nightmare Fire Bunny (Area: 0)
(@CGUID+741, 51594, 36, 1, 1, -81.6875, -791.7795, 25.86889, 3.926991, 7200, 0, 0), -- Glubtok Nightmare Fire Bunny (Area: 0)
(@CGUID+742, 51594, 36, 1, 1, -75.52952, -788.3438, 26.0653, 3.926991, 7200, 0, 0), -- Glubtok Nightmare Fire Bunny (Area: 0)
(@CGUID+743, 51594, 36, 1, 1, -104.3299, -806.0121, 30.58083, 3.926991, 7200, 0, 0), -- Glubtok Nightmare Fire Bunny (Area: 0)
(@CGUID+744, 51594, 36, 1, 1, -87.6875, -830.8108, 39.29154, 2.75762, 7200, 0, 0), -- Glubtok Nightmare Fire Bunny (Area: 0)
(@CGUID+745, 51594, 36, 1, 1, -46.73611, -821.1771, 52.5815, 3.193953, 7200, 0, 0), -- Glubtok Nightmare Fire Bunny (Area: 0)
(@CGUID+746, 51594, 36, 1, 1, -69.06944, -834.368, 40.86119, 3.193953, 7200, 0, 0), -- Glubtok Nightmare Fire Bunny (Area: 0)
(@CGUID+747, 51594, 36, 1, 1, -68.94444, -805.1528, 40.82362, 3.926991, 7200, 0, 0), -- Glubtok Nightmare Fire Bunny (Area: 0)
(@CGUID+748, 51594, 36, 1, 1, -38.67708, -816.1389, 43.68202, 3.926991, 7200, 0, 0), -- Glubtok Nightmare Fire Bunny (Area: 0)
(@CGUID+749, 51594, 36, 1, 1, -46.09722, -830.2518, 43.00029, 2.75762, 7200, 0, 0), -- Glubtok Nightmare Fire Bunny (Area: 0)
(@CGUID+750, 51594, 36, 1, 1, -46.44965, -809.7448, 42.93429, 3.926991, 7200, 0, 0), -- Glubtok Nightmare Fire Bunny (Area: 0)
(@CGUID+751, 51594, 36, 1, 1, -54.49479, -826.5833, 42.19642, 3.926991, 7200, 0, 0), -- Glubtok Nightmare Fire Bunny (Area: 0)
(@CGUID+752, 51594, 36, 1, 1, -37.77257, -824.493, 43.78171, 3.926991, 7200, 0, 0), -- Glubtok Nightmare Fire Bunny (Area: 0)
(@CGUID+753, 51594, 36, 1, 1, -106.7882, -827.8351, 30.3655, 3.926991, 7200, 0, 0), -- Glubtok Nightmare Fire Bunny (Area: 0)
(@CGUID+754, 51594, 36, 1, 1, -85.05209, -808.5243, 39.47224, 3.926991, 7200, 0, 0), -- Glubtok Nightmare Fire Bunny (Area: 0)
(@CGUID+755, 51594, 36, 1, 1, -108.5208, -840.7136, 17.11709, 3.926991, 7200, 0, 0), -- Glubtok Nightmare Fire Bunny (Area: 0)
(@CGUID+756, 51594, 36, 1, 1, -74, -813.632, 40.37197, 3.926991, 7200, 0, 0), -- Glubtok Nightmare Fire Bunny (Area: 0)
(@CGUID+757, 51594, 36, 1, 1, -101.724, -815.1875, 38.20302, 3.926991, 7200, 0, 0), -- Glubtok Nightmare Fire Bunny (Area: 0)
(@CGUID+758, 51594, 36, 1, 1, -109.6736, -832.7049, 20.99191, 3.926991, 7200, 0, 0), -- Glubtok Nightmare Fire Bunny (Area: 0)
(@CGUID+759, 51594, 36, 1, 1, -93.49653, -809.6979, 38.80095, 3.926991, 7200, 0, 0), -- Glubtok Nightmare Fire Bunny (Area: 0)
(@CGUID+760, 51594, 36, 1, 1, -92.09202, -843.8507, 21.32712, 3.926991, 7200, 0, 0), -- Glubtok Nightmare Fire Bunny (Area: 0)
(@CGUID+761, 51594, 36, 1, 1, -82.74479, -853.8368, 17.44633, 3.926991, 7200, 0, 0), -- Glubtok Nightmare Fire Bunny (Area: 0)
(@CGUID+762, 51594, 36, 1, 1, -83.51563, -847.0851, 18.62521, 3.926991, 7200, 0, 0), -- Glubtok Nightmare Fire Bunny (Area: 0)
(@CGUID+763, 51594, 36, 1, 1, -77.3316, -848.7101, 16.88625, 3.926991, 7200, 0, 0), -- Glubtok Nightmare Fire Bunny (Area: 0)
(@CGUID+764, 51594, 36, 1, 1, -47.97917, -851.7882, 18.46356, 3.926991, 7200, 0, 0), -- Glubtok Nightmare Fire Bunny (Area: 0)
(@CGUID+765, 51594, 36, 1, 1, -54.41667, -846.2222, 22.62641, 3.926991, 7200, 0, 0), -- Glubtok Nightmare Fire Bunny (Area: 0)
(@CGUID+766, 51594, 36, 1, 1, -46.15799, -843.5104, 23.03055, 3.926991, 7200, 0, 0), -- Glubtok Nightmare Fire Bunny (Area: 0)
(@CGUID+767, 51594, 36, 1, 1, -32.24479, -844.8195, 19.15213, 3.926991, 7200, 0, 0), -- Glubtok Nightmare Fire Bunny (Area: 0)
(@CGUID+768, 51594, 36, 1, 1, -28.87847, -840.0226, 19.30344, 3.926991, 7200, 0, 0), -- Glubtok Nightmare Fire Bunny (Area: 0)
(@CGUID+769, 51594, 36, 1, 1, -31.54861, -830.5191, 23.84564, 3.926991, 7200, 0, 0), -- Glubtok Nightmare Fire Bunny (Area: 0)
(@CGUID+770, 51594, 36, 1, 1, -53.39583, -808.4184, 42.27031, 2.75762, 7200, 0, 0), -- Glubtok Nightmare Fire Bunny (Area: 0)
(@CGUID+771, 51594, 36, 1, 1, -59.65799, -786.8472, 18.00813, 3.926991, 7200, 0, 0), -- Glubtok Nightmare Fire Bunny (Area: 0)
(@CGUID+772, 49550, 36, 1, 1, -67.79166, -840.1736, 40.96664, 4.712389, 7200, 0, 0), -- Rope (Area: 0)
(@CGUID+773, 49550, 36, 1, 1, -70.62153, -840.0104, 40.71846, 4.537856, 7200, 0, 0), -- Rope (Area: 0)
(@CGUID+774, 49550, 36, 1, 1, -64.97049, -840.0087, 41.22668, 4.834562, 7200, 0, 0), -- Rope (Area: 0)
(@CGUID+775, 51594, 36, 1, 1, -51.8559, -788.4774, 18.27221, 3.926991, 7200, 0, 0), -- Glubtok Nightmare Fire Bunny (Area: 0)
(@CGUID+776, 49550, 36, 1, 1, -73.42361, -839.8646, 40.47259, 4.34587, 7200, 0, 0), -- Rope (Area: 0)
(@CGUID+777, 49550, 36, 1, 1, -62.17014, -839.8438, 41.48514, 5.044002, 7200, 0, 0), -- Rope (Area: 0)
(@CGUID+778, 51594, 36, 1, 1, -115.3142, -827.2327, 20.94427, 3.926991, 7200, 0, 0), -- Glubtok Nightmare Fire Bunny (Area: 0)
(@CGUID+779, 51594, 36, 1, 1, -116.1042, -835.6597, 17.07181, 3.926991, 7200, 0, 0), -- Glubtok Nightmare Fire Bunny (Area: 0)
(@CGUID+780, 51594, 36, 1, 1, -17.43924, -821.8785, 19.89213, 3.926991, 7200, 0, 0), -- Glubtok Nightmare Fire Bunny (Area: 0)
(@CGUID+781, 51594, 36, 1, 1, -22.3125, -807.7292, 19.61356, 3.926991, 7200, 0, 0), -- Glubtok Nightmare Fire Bunny (Area: 0)
(@CGUID+782, 51594, 36, 1, 1, -17.77431, -814.7327, 19.87694, 3.926991, 7200, 0, 0), -- Glubtok Nightmare Fire Bunny (Area: 0)
(@CGUID+783, 51594, 36, 1, 1, -116.9809, -803.1337, 17.05497, 3.926991, 7200, 0, 0), -- Glubtok Nightmare Fire Bunny (Area: 0)
(@CGUID+784, 51594, 36, 1, 1, -122.8872, -816.658, 17.01834, 3.926991, 7200, 0, 0), -- Glubtok Nightmare Fire Bunny (Area: 0)
(@CGUID+785, 51594, 36, 1, 1, -65.53993, -768.6545, 28.01228, 3.926991, 7200, 0, 0), -- Glubtok Nightmare Fire Bunny (Area: 0)
(@CGUID+786, 51594, 36, 1, 1, -123.3351, -807.2153, 16.98381, 3.926991, 7200, 0, 0), -- Glubtok Nightmare Fire Bunny (Area: 0)
(@CGUID+787, 49550, 36, 1, 1, -73.42361, -839.8646, 40.47259, 4.34587, 7200, 0, 0), -- Rope (Area: 0)
(@CGUID+788, 49550, 36, 1, 1, -70.62153, -840.0104, 40.71846, 4.537856, 7200, 0, 0), -- Rope (Area: 0)
(@CGUID+789, 49550, 36, 1, 1, -67.79166, -840.1736, 40.96664, 4.712389, 7200, 0, 0), -- Rope (Area: 0)
(@CGUID+790, 49550, 36, 1, 1, -64.97049, -840.0087, 41.22668, 4.834562, 7200, 0, 0), -- Rope (Area: 0)
(@CGUID+791, 49550, 36, 1, 1, -62.17014, -839.8438, 41.48514, 5.044002, 7200, 0, 0); -- Rope (Area: 0)

UPDATE `creature` SET `phaseMask`= 64 WHERE `id` IN (49494, 49671, 49670, 51594, 49495, 49493, 49493, 49674, 49520, 49681, 49682, 49534, 49532, 49535, 49539) AND `map`= 36;
UPDATE `creature` SET `spawnMask`= 3 WHERE `map`= 36;
UPDATE `gameobject` SET `spawnMask`= 3 WHERE `map`= 36;
